01012000,-4.0,5.0
02012000,-5.0,5.1
03012000,-5.0,7.7
04012000,-3.0,9.7
05012000,-0.8,9.0
06012000,-3.1,10.0
07012000,-2.2,8.8
08012000,-3.4,8.5
09012000,-2.5,5.5
10012000,-1.3,4.9
11012000,-1.0,4.2
12012000,-3.0,5.0
13012000,-5.6,3.0
14012000,-1.3,3.6
15012000,-2.0,8.1
16012000,-4.1,5.2
17012000,-0.6,13.0
18012000,3.0,21.7
19012000,-1.0,13.8
20012000,-3.0,10.8
21012000,-2.2,19.4
22012000,-0.8,7.5
23012000,0.3,11.3
24012000,-1.4,5.2
25012000,-5.0,4.6
26012000,-7.2,4.9
27012000,-6.0,9.0
28012000,-2.8,8.0
29012000,-4.0,4.0
30012000,-2.9,16.0
31012000,-0.1,15.0
01022000,-0.5,9.5
02022000,6.6,8.5
03022000,4.8,10.0
04022000,3.0,11.3
05022000,1.0,11.1
06022000,0.6,10.6
07022000,-1.0,14.9
08022000,4.8,10.2
09022000,5.0,14.0
10022000,1.0,15.8
11022000,-0.2,9.5
12022000,1.0,14.1
13022000,-2.0,13.5
14022000,-0.3,15.0
15022000,1.5,13.2
16022000,4.9,10.9
17022000,2.7,13.6
18022000,0.7,14.2
21022000,2.5,12.0
22022000,1.8,11.7
23022000,-0.9,11.3
24022000,-3.0,12.7
25022000,-0.1,12.9
26022000,1.9,12.2
27022000,4.0,15.9
28022000,0.1,15.3
29022000,7.0,9.4
01032000,6.0,9.0
02032000,4.0,16.7
03032000,-0.7,17.2
04032000,2.7,17.9
05032000,1.8,16.0
06032000,1.0,15.3
07032000,-0.4,15.8
08032000,1.7,19.7
09032000,9.9,25.6
10032000,9.5,21.3
11032000,6.1,20.0
12032000,4.6,17.1
13032000,6.0,19.9
14032000,3.7,20.6
15032000,4.6,21.2
16032000,2.8,23.0
17032000,2.7,21.0
18032000,5.9,16.1
19032000,5.0,17.7
20032000,5.0,14.5
21032000,1.9,18.0
22032000,2.2,21.0
23032000,2.3,18.4
24032000,8.1,14.0
25032000,10.0,16.3
26032000,9.0,15.3
27032000,6.5,9.5
28032000,4.2,11.0
29032000,5.0,15.1
30032000,4.3,17.1
31032000,3.2,17.3
01042000,7.0,15.7
02042000,3.4,17.4
03042000,9.0,10.2
04042000,8.2,12.0
05042000,6.3,20.6
06042000,6.1,20.6
07042000,8.0,17.8
08042000,3.9,20.2
09042000,7.7,15.8
10042000,9.0,13.0
11042000,9.0,15.9
12042000,9.0,19.5
13042000,8.0,18.3
14042000,10.3,18.4
15042000,10.7,18.6
16042000,9.0,16.5
17042000,10.2,12.0
18042000,8.0,12.2
19042000,7.8,21.0
20042000,11.6,25.3
21042000,9.5,28.0
22042000,10.9,28.0
23042000,11.6,24.0
24042000,12.0,21.0
25042000,9.0,24.7
26042000,9.9,23.7
27042000,10.8,22.6
28042000,14.0,18.7
29042000,14.0,20.0
30042000,14.0,25.5
01052000,11.2,27.6
02052000,14.4,25.1
03052000,13.6,27.2
04052000,13.6,27.4
05052000,13.0,25.5
06052000,14.7,22.0
07052000,14.6,20.4
08052000,15.0,22.4
09052000,13.7,24.4
10052000,17.6,24.9
11052000,18.8,26.0
12052000,16.0,25.0
13052000,14.8,26.8
14052000,16.0,26.4
15052000,14.9,28.0
16052000,15.5,28.5
17052000,14.8,29.1
18052000,15.5,27.0
19052000,17.0,28.2
20052000,14.0,26.4
21052000,14.0,23.5
22052000,15.8,28.0
23052000,13.2,26.0
24052000,15.9,27.6
25052000,16.8,30.1
26052000,17.4,30.0
27052000,16.8,27.7
28052000,18.0,26.0
29052000,17.6,29.6
30052000,16.0,21.8
31052000,14.7,29.0
01062000,18.0,28.5
02062000,17.7,29.5
03062000,18.4,31.3
04062000,19.6,32.8
05062000,19.4,32.0
06062000,19.0,29.3
07062000,16.2,28.5
08062000,18.7,29.2
09062000,17.1,31.8
10062000,20.4,30.7
11062000,19.0,23.0
12062000,18.4,30.0
13062000,20.0,27.4
14062000,18.3,30.4
15062000,18.6,31.0
16062000,17.8,31.6
17062000,19.0,28.6
18062000,17.0,28.0
19062000,15.0,30.5
20062000,15.8,33.0
21062000,15.2,32.9
22062000,17.8,32.2
23062000,18.0,30.7
24062000,16.6,29.3
25062000,18.0,28.1
26062000,17.0,28.4
27062000,17.0,30.2
28062000,18.0,30.8
29062000,16.0,29.0
30062000,19.3,30.4
01072000,18.4,30.2
02072000,21.9,32.0
03072000,21.1,30.9
04072000,23.0,33.2
05072000,19.1,33.4
06072000,18.9,32.9
07072000,20.9,33.4
08072000,18.0,34.9
09072000,14.1,29.2
10072000,16.5,25.8
11072000,13.0,26.2
12072000,12.0,25.6
13072000,11.8,27.6
14072000,14.7,26.1
15072000,12.6,28.9
16072000,12.0,27.3
17072000,13.5,28.3
18072000,14.3,29.4
19072000,16.0,30.4
20072000,18.3,29.3
21072000,17.4,30.0
22072000,17.8,30.4
23072000,20.1,30.4
24072000,19.0,26.0
25072000,18.4,30.3
26072000,18.8,31.3
27072000,18.7,32.0
28072000,20.0,32.0
29072000,15.0,31.9
30072000,14.6,31.4
31072000,18.0,32.1
01082000,18.2,33.1
02082000,18.6,32.6
03082000,19.5,27.6
04082000,17.0,22.0
05082000,15.9,20.0
06082000,16.0,25.0
07082000,14.8,30.0
08082000,16.3,30.5
09082000,19.2,30.0
10082000,18.8,31.0
11082000,20.6,32.5
12082000,21.0,32.3
13082000,20.0,29.3
14082000,19.0,32.9
15082000,19.8,33.5
16082000,21.0,33.0
17082000,23.0,34.1
18082000,20.6,33.1
19082000,21.6,34.3
20082000,21.0,35.0
21082000,19.1,31.0
22082000,20.0,33.3
23082000,20.0,34.0
24082000,18.5,33.2
25082000,18.2,34.5
26082000,17.8,32.2
27082000,20.0,29.0
28082000,17.4,29.5
29082000,19.0,29.0
30082000,18.3,25.6
31082000,17.0,24.1
01092000,15.0,30.0
02092000,16.5,29.0
03092000,14.1,28.9
04092000,15.0,27.7
05092000,12.0,27.0
06092000,14.2,27.0
07092000,16.1,28.7
08092000,14.0,27.1
09092000,12.6,26.2
10092000,13.0,29.1
11092000,14.0,30.0
12092000,14.4,30.2
13092000,16.0,30.1
14092000,17.6,30.0
15092000,18.3,30.6
16092000,20.0,28.7
17092000,14.4,28.9
18092000,16.9,25.3
19092000,17.5,24.7
20092000,18.0,24.1
21092000,14.7,25.4
22092000,9.3,27.2
23092000,12.0,25.4
24092000,16.0,23.8
25092000,14.9,25.2
26092000,15.8,26.0
27092000,17.0,26.1
28092000,16.8,25.3
29092000,17.6,23.2
30092000,17.0,19.2
01102000,14.0,19.3
02102000,12.0,20.0
03102000,13.0,21.8
04102000,12.8,22.1
05102000,17.0,25.0
06102000,14.0,20.0
07102000,10.0,21.6
08102000,6.8,22.1
09102000,10.5,20.7
10102000,12.0,14.0
11102000,12.0,15.0
12102000,14.1,17.0
13102000,15.3,21.7
14102000,17.0,22.0
15102000,14.0,19.0
16102000,13.6,17.2
17102000,12.0,18.4
18102000,10.0,20.3
19102000,9.0,19.0
20102000,11.0,19.6
21102000,11.0,18.5
22102000,9.8,19.0
23102000,9.0,18.5
24102000,7.9,20.2
25102000,12.6,17.3
26102000,12.0,18.5
27102000,11.0,16.4
28102000,9.0,17.3
29102000,7.6,15.3
30102000,12.0,14.2
31102000,11.0,15.0
01112000,6.4,19.3
02112000,7.2,14.0
03112000,10.0,12.4
04112000,6.0,15.0
05112000,4.2,14.5
06112000,7.0,11.7
07112000,7.0,11.0
08112000,6.9,13.2
09112000,7.0,10.5
10112000,5.0,12.0
11112000,2.0,11.3
12112000,6.2,8.0
13112000,6.9,9.0
14112000,8.0,12.0
15112000,6.0,10.6
16112000,9.0,10.7
17112000,9.0,12.2
18112000,8.9,15.5
19112000,4.0,14.0
20112000,4.0,9.0
21112000,6.0,12.9
22112000,4.9,12.1
23112000,8.5,10.3
24112000,6.0,10.0
25112000,5.6,12.2
26112000,4.4,12.6
27112000,2.0,12.6
28112000,2.3,13.0
29112000,0.6,11.3
30112000,3.0,11.7
01122000,1.5,11.3
02122000,7.0,8.2
03122000,6.7,10.3
04122000,8.4,12.7
05122000,8.0,10.0
06122000,7.8,10.1
07122000,8.8,10.0
08122000,9.0,10.5
09122000,10.0,12.2
10122000,8.0,13.2
11122000,4.8,15.4
12122000,6.7,10.1
13122000,8.1,11.6
14122000,8.0,9.6
15122000,7.0,10.1
16122000,2.0,13.3
17122000,-0.4,9.4
18122000,-1.4,10.0
19122000,-1.2,9.5
20122000,1.5,7.0
21122000,3.0,6.5
22122000,-1.2,7.6
23122000,-4.0,5.0
24122000,-5.0,0.3
25122000,-0.7,2.0
26122000,0.8,4.8
27122000,1.4,5.1
28122000,1.0,9.5
29122000,1.3,6.5
30122000,-1.6,9.0
31122000,-2.0,10.0
01012001,1.9,7.3
02012001,1.0,4.2
03012001,0.9,5.6
04012001,-0.2,3.0
05012001,1.0,4.0
06012001,2.5,5.2
07012001,4.2,7.0
08012001,4.9,9.0
09012001,2.0,13.0
10012001,4.1,8.0
11012001,5.7,7.3
12012001,5.9,8.4
13012001,3.0,7.4
14012001,-0.1,4.3
15012001,-2.0,5.0
16012001,-3.5,5.9
17012001,-2.1,3.0
18012001,-0.8,4.2
19012001,1.8,7.3
20012001,2.0,11.0
21012001,-2.0,11.2
22012001,1.3,6.3
23012001,4.0,6.3
24012001,4.9,6.3
25012001,4.8,6.3
26012001,5.0,9.0
27012001,4.0,7.5
28012001,3.5,8.0
29012001,2.6,12.0
30012001,2.4,11.6
31012001,1.8,11.2
01022001,-0.3,11.4
02022001,-2.3,9.5
03022001,-1.9,8.3
04022001,-0.9,7.0
05022001,4.0,9.5
06022001,4.0,8.0
07022001,6.7,9.2
08022001,6.9,9.5
09022001,7.9,10.4
10022001,6.0,17.3
11022001,2.0,17.3
12022001,1.3,15.2
13022001,3.0,15.9
14022001,5.0,15.1
15022001,2.0,14.3
16022001,1.2,16.1
17022001,0.7,11.6
18022001,1.7,16.0
19022001,3.2,14.0
20022001,-1.2,11.6
21022001,1.9,13.5
22022001,5.0,21.0
23022001,1.3,20.1
24022001,4.0,10.0
25022001,2.0,7.4
26022001,-1.0,10.6
27022001,-0.7,5.8
28022001,1.0,5.0
01032001,1.0,9.3
02032001,-0.9,5.3
03032001,1.0,5.0
04032001,3.6,8.2
05032001,5.9,15.2
06032001,7.7,16.3
07032001,7.9,12.0
08032001,6.7,9.0
09032001,5.8,15.1
10032001,4.0,12.2
11032001,3.5,13.6
12032001,9.7,12.0
13032001,9.0,20.3
14032001,3.5,21.3
15032001,5.6,20.1
16032001,11.0,15.6
17032001,10.0,11.3
18032001,6.0,17.5
19032001,10.0,20.6
20032001,7.8,21.1
21032001,9.0,15.0
22032001,12.0,23.0
23032001,7.0,23.0
24032001,9.0,19.1
25032001,13.0,21.2
26032001,8.0,22.1
27032001,7.3,20.7
28032001,8.0,10.2
29032001,9.0,11.1
30032001,7.6,13.2
31032001,7.0,20.2
01042001,8.0,20.0
02042001,7.7,20.3
03042001,6.8,21.0
04042001,9.7,17.3
05042001,7.0,19.0
06042001,6.2,20.5
07042001,7.0,12.0
08042001,6.4,19.4
09042001,9.0,21.4
10042001,7.3,17.2
11042001,9.0,13.0
12042001,7.5,20.5
13042001,5.9,20.5
14042001,5.0,14.1
15042001,3.1,16.4
16042001,8.0,17.6
17042001,3.7,19.6
18042001,8.0,15.8
19042001,7.0,17.1
20042001,8.0,14.5
21042001,5.0,10.0
22042001,5.4,17.1
23042001,6.0,15.8
24042001,4.6,22.4
25042001,12.1,16.0
26042001,10.7,23.1
27042001,10.0,22.1
28042001,9.1,24.2
29042001,9.9,24.6
30042001,14.0,21.2
01052001,10.1,24.7
02052001,13.6,25.9
03052001,15.0,24.0
04052001,14.0,17.0
05052001,12.6,21.1
06052001,14.0,23.8
07052001,14.7,24.3
08052001,15.8,26.8
09052001,15.3,25.1
10052001,13.4,25.4
11052001,14.4,25.5
12052001,13.0,27.3
13052001,14.7,25.4
14052001,13.0,22.0
15052001,13.3,16.6
16052001,13.7,21.4
17052001,13.3,22.5
18052001,14.0,25.8
19052001,9.2,24.6
20052001,9.9,23.7
21052001,13.0,16.2
22052001,12.8,24.1
23052001,14.5,24.6
24052001,17.3,26.6
25052001,15.5,28.0
26052001,13.3,28.9
27052001,14.9,30.2
28052001,18.4,32.3
29052001,18.3,33.9
30052001,19.0,32.3
31052001,18.5,31.4
01062001,17.0,30.0
02062001,14.0,23.3
03062001,12.6,24.4
04062001,7.6,25.3
05062001,11.7,27.1
06062001,15.0,23.7
07062001,12.9,28.2
08062001,14.9,26.7
09062001,18.8,26.8
10062001,18.5,26.0
11062001,14.0,26.0
12062001,11.0,25.6
13062001,12.8,27.1
14062001,14.0,30.0
15062001,15.8,30.2
16062001,18.0,28.6
17062001,14.4,30.0
18062001,13.4,27.8
19062001,16.0,30.2
20062001,13.6,28.7
21062001,15.1,31.6
22062001,17.6,29.7
23062001,17.7,32.0
24062001,19.9,33.3
25062001,21.3,33.0
26062001,21.7,32.8
27062001,22.3,32.1
28062001,20.0,28.7
29062001,18.0,32.0
30062001,20.0,32.5
01072001,21.5,33.0
02072001,20.0,31.5
03072001,19.0,32.6
04072001,19.0,27.9
05072001,21.0,31.6
06072001,21.8,30.9
07072001,18.0,27.4
08072001,16.0,32.4
09072001,17.9,32.3
10072001,20.7,29.0
11072001,18.8,32.0
12072001,19.5,31.4
13072001,19.8,30.5
14072001,21.1,31.9
15072001,20.0,29.6
16072001,17.4,28.3
17072001,15.8,28.9
18072001,17.7,26.8
19072001,18.0,29.6
20072001,16.5,27.8
21072001,14.1,30.3
22072001,15.1,31.2
23072001,17.7,32.8
24072001,18.5,32.0
25072001,18.9,31.9
26072001,19.5,33.9
27072001,20.5,34.2
28072001,21.0,32.5
29072001,21.2,34.0
30072001,19.2,34.4
31072001,23.0,34.3
01082001,22.4,35.3
02082001,22.7,35.1
03082001,22.8,32.8
04082001,21.0,32.5
05082001,19.9,33.5
06082001,17.6,30.1
07082001,18.8,32.0
08082001,21.4,31.0
09082001,21.9,31.0
10082001,19.9,31.8
11082001,17.4,26.5
12082001,16.0,28.0
13082001,16.0,30.8
14082001,18.1,33.0
15082001,18.1,33.8
16082001,19.0,34.6
17082001,21.0,33.4
18082001,18.7,33.0
19082001,19.4,33.3
20082001,20.6,30.9
21082001,17.7,32.6
22082001,19.0,33.1
23082001,19.1,35.0
24082001,21.0,34.7
25082001,22.0,33.7
26082001,22.1,35.9
27082001,20.8,35.9
28082001,20.6,35.0
29082001,21.0,34.8
30082001,18.0,27.1
31082001,15.0,23.7
01092001,13.9,18.4
02092001,12.0,26.9
03092001,13.8,28.7
04092001,15.0,25.6
05092001,13.0,27.0
06092001,12.0,27.7
07092001,10.9,29.0
08092001,14.0,29.3
09092001,16.0,26.1
10092001,8.7,24.5
11092001,7.9,25.5
12092001,8.3,26.0
13092001,12.5,24.5
14092001,12.0,20.2
15092001,8.8,24.9
16092001,10.5,24.6
17092001,8.1,24.0
18092001,7.3,22.2
19092001,11.0,21.2
20092001,11.7,21.8
21092001,11.1,24.0
22092001,15.0,19.3
23092001,14.0,16.2
24092001,15.2,19.0
25092001,12.0,21.8
26092001,8.4,24.3
27092001,10.7,23.7
28092001,11.0,24.3
29092001,10.8,19.4
30092001,13.0,22.0
01102001,10.7,25.2
02102001,16.8,22.7
03102001,14.0,25.2
04102001,17.0,20.7
05102001,17.0,23.0
06102001,13.7,24.8
07102001,18.0,21.0
08102001,16.8,23.9
09102001,14.6,25.1
10102001,15.0,24.6
11102001,11.4,26.6
12102001,12.1,26.0
13102001,11.7,26.0
14102001,11.8,25.0
15102001,11.2,23.4
16102001,11.8,21.4
17102001,9.7,22.3
18102001,10.6,21.1
19102001,13.5,20.8
20102001,15.0,18.0
21102001,12.0,21.4
22102001,8.7,22.5
23102001,11.2,19.0
24102001,12.0,20.2
25102001,9.0,19.5
26102001,9.4,16.5
27102001,9.3,17.9
28102001,8.0,14.3
29102001,9.0,17.2
30102001,9.4,14.0
31102001,11.2,16.4
01112001,8.0,19.3
02112001,7.0,18.0
03112001,3.7,17.1
04112001,2.7,16.3
05112001,2.2,14.5
06112001,5.0,12.6
07112001,4.0,14.4
08112001,6.8,9.0
09112001,3.8,10.0
10112001,3.6,10.4
11112001,5.0,8.3
12112001,6.1,11.4
13112001,9.0,13.2
14112001,8.0,14.3
15112001,1.0,11.0
16112001,-0.5,12.6
17112001,1.7,13.0
18112001,0.8,11.4
19112001,3.0,9.0
20112001,-0.3,10.9
21112001,2.4,4.7
22112001,2.3,8.9
23112001,0.6,12.0
24112001,-1.3,11.4
25112001,-3.0,10.7
26112001,-1.1,12.0
27112001,4.6,7.0
28112001,2.0,8.6
29112001,1.8,5.3
30112001,-0.5,10.7
01122001,1.9,10.0
02122001,3.0,6.8
03122001,2.0,6.3
04122001,2.5,6.7
05122001,0.7,7.0
06122001,1.0,11.4
07122001,-2.0,13.0
08122001,-2.2,8.5
09122001,-4.0,6.5
10122001,-3.1,8.2
11122001,-3.8,5.4
12122001,-3.9,2.7
13122001,-3.8,5.6
14122001,-6.0,2.7
15122001,-8.4,3.9
16122001,-7.5,5.3
17122001,-5.8,4.4
18122001,-7.0,4.8
19122001,-5.3,3.1
20122001,-2.0,5.7
21122001,-5.2,4.1
22122001,-3.3,6.1
23122001,-4.0,9.9
24122001,-7.4,6.0
25122001,-7.0,8.2
26122001,-2.5,6.6
27122001,-3.1,9.7
28122001,-6.4,9.0
29122001,-3.9,5.6
30122001,-2.3,10.7
31122001,-2.9,11.1
01012002,-6.0,8.4
02012002,-9.3,9.4
03012002,-5.0,5.4
04012002,-6.3,5.9
05012002,-7.0,6.2
06012002,-6.7,7.6
07012002,-4.3,5.0
08012002,-4.9,8.8
09012002,-6.2,8.9
10012002,-6.8,10.3
11012002,-6.3,10.3
12012002,-5.2,10.0
13012002,-6.2,9.1
14012002,-4.0,8.9
15012002,-6.2,5.8
16012002,-4.0,5.0
17012002,-7.5,4.9
18012002,-7.5,0.1
19012002,-9.2,3.4
20012002,-4.4,9.6
21012002,-2.8,11.1
22012002,1.2,4.2
23012002,1.0,4.0
24012002,1.2,5.0
25012002,-1.0,11.0
26012002,-0.7,11.4
27012002,2.0,12.8
28012002,0.5,7.0
29012002,2.0,4.3
30012002,1.0,7.3
31012002,4.6,6.5
01022002,5.0,8.0
02022002,2.0,7.0
03022002,-2.8,9.0
04022002,0.9,4.3
05022002,1.0,6.7
06022002,3.0,7.5
07022002,4.6,12.6
08022002,2.0,15.1
09022002,1.5,15.4
10022002,7.0,18.0
11022002,0.7,16.2
12022002,0.6,17.2
13022002,5.8,10.0
14022002,6.6,9.0
15022002,2.0,9.0
16022002,1.0,6.0
17022002,4.7,9.1
18022002,4.0,12.3
19022002,2.9,16.5
20022002,2.0,15.4
21022002,2.0,14.6
22022002,-2.0,13.3
23022002,-0.3,15.2
24022002,0.1,14.7
25022002,-1.0,16.1
26022002,2.0,10.3
27022002,6.8,9.0
28022002,6.0,14.0
01032002,5.0,12.5
02032002,8.0,10.2
03032002,5.0,13.2
04032002,2.0,16.8
05032002,3.9,14.4
06032002,8.1,12.5
07032002,8.7,18.2
08032002,4.3,17.3
09032002,4.8,18.0
10032002,5.8,22.0
11032002,4.6,20.2
12032002,4.0,19.5
13032002,4.9,20.3
14032002,5.8,16.0
15032002,8.0,18.0
16032002,4.0,19.5
17032002,8.0,18.4
18032002,8.4,21.0
19032002,9.9,20.4
20032002,9.0,27.0
21032002,7.6,27.0
22032002,12.7,23.8
23032002,9.0,17.5
24032002,1.3,18.2
25032002,-0.6,16.2
26032002,0.3,17.0
27032002,4.0,14.1
28032002,1.6,16.2
29032002,0.7,18.2
30032002,2.3,16.0
31032002,3.0,22.7
01042002,3.4,23.3
02042002,4.0,23.0
03042002,4.4,22.0
04042002,8.4,21.4
05042002,8.8,20.5
06042002,7.0,13.8
07042002,5.0,14.0
08042002,8.0,11.2
09042002,6.0,9.0
10042002,6.0,13.9
11042002,7.5,10.0
12042002,7.4,13.0
13042002,10.0,18.2
14042002,9.4,18.8
15042002,10.6,16.0
16042002,7.0,15.3
17042002,5.7,20.0
18042002,5.9,22.0
19042002,8.8,20.6
20042002,7.8,19.5
21042002,9.7,21.8
22042002,7.5,23.5
23042002,9.7,24.0
24042002,9.9,24.3
25042002,11.3,22.2
26042002,9.2,25.1
27042002,12.0,25.2
28042002,10.5,19.1
29042002,12.0,19.5
30042002,9.0,23.0
01052002,13.3,24.0
02052002,14.0,17.3
03052002,13.0,17.8
04052002,10.0,15.6
05052002,9.7,16.7
06052002,7.9,20.5
07052002,6.9,23.7
08052002,14.0,16.8
09052002,10.0,17.2
10052002,8.5,19.6
11052002,13.0,21.8
12052002,10.9,24.0
13052002,12.6,24.5
14052002,11.9,25.4
15052002,12.0,27.1
16052002,14.4,28.7
17052002,14.9,29.3
18052002,13.8,25.0
19052002,12.8,27.2
20052002,14.6,26.3
21052002,15.0,26.5
22052002,14.0,26.0
23052002,15.0,20.1
24052002,11.2,26.4
25052002,15.0,27.0
01062002,17.8,29.5
02062002,17.4,29.7
03062002,18.0,25.4
04062002,17.5,26.1
05062002,17.8,22.0
06062002,14.0,23.0
07062002,14.2,24.1
08062002,15.0,22.0
09062002,15.0,21.9
10062002,15.0,28.7
11062002,14.5,28.3
12062002,16.5,28.2
13062002,18.3,30.4
14062002,17.8,33.0
15062002,19.0,33.0
16062002,19.3,34.0
17062002,21.4,34.4
22062002,23.0,35.5
23062002,24.7,36.1
24062002,22.0,36.0
25062002,21.0,29.0
26062002,19.5,29.3
27062002,19.0,31.0
28062002,20.0,32.2
29062002,18.4,28.3
30062002,17.0,27.8
01072002,22.0,30.8
02072002,19.7,29.2
03072002,21.4,30.6
04072002,20.0,32.6
05072002,19.2,28.6
06072002,17.0,28.0
07072002,15.3,30.1
08072002,18.0,32.2
09072002,19.5,32.2
10072002,20.3,33.1
11072002,20.4,33.0
12072002,20.6,33.0
13072002,18.0,27.2
14072002,18.0,25.0
15072002,17.8,22.0
16072002,17.6,25.7
17072002,18.0,29.3
18072002,17.0,30.1
19072002,16.0,29.0
20072002,17.9,31.0
21072002,20.0,30.0
22072002,19.8,31.3
23072002,21.6,30.4
24072002,21.9,32.0
25072002,18.0,30.2
26072002,17.0,29.2
27072002,18.8,28.6
28072002,20.0,31.6
29072002,20.0,32.6
30072002,19.6,33.3
31072002,20.0,31.4
01082002,19.0,28.5
02082002,18.0,30.0
03082002,19.3,31.0
04082002,19.0,30.4
05082002,18.5,30.3
06082002,18.7,27.4
07082002,17.0,32.1
08082002,15.7,30.0
09082002,18.0,24.4
10082002,17.0,19.6
11082002,14.8,18.3
12082002,15.0,29.0
13082002,14.7,30.0
14082002,16.4,30.3
15082002,18.0,30.4
16082002,18.8,30.6
17082002,19.5,31.5
18082002,20.0,30.2
19082002,19.7,31.3
20082002,19.0,31.1
21082002,18.5,28.0
22082002,18.9,27.2
23082002,18.8,26.3
24082002,18.0,30.0
25082002,19.0,29.2
26082002,19.0,26.4
27082002,18.0,28.1
28082002,17.6,29.0
29082002,19.4,28.2
30082002,19.2,30.1
31082002,20.7,30.5
01092002,20.0,30.0
02092002,17.9,29.8
03092002,17.0,22.0
04092002,16.4,22.0
05092002,16.7,26.6
06092002,16.7,26.0
07092002,19.0,28.8
08092002,17.8,27.4
09092002,16.0,28.0
10092002,16.0,27.0
11092002,17.6,26.0
12092002,17.0,25.8
13092002,15.4,24.0
14092002,13.0,25.0
15092002,12.4,27.0
16092002,15.7,24.0
17092002,15.0,26.0
18092002,16.0,27.0
19092002,17.9,22.0
20092002,16.6,27.1
21092002,18.0,25.0
22092002,15.0,24.1
23092002,13.0,17.0
24092002,11.7,18.0
25092002,9.0,15.0
26092002,6.2,21.6
27092002,11.0,24.1
28092002,8.0,20.2
29092002,9.0,22.0
30092002,7.9,23.0
01102002,9.0,23.0
02102002,9.0,23.0
03102002,11.5,23.0
04102002,11.7,21.0
05102002,9.6,23.4
06102002,12.0,22.0
07102002,11.0,21.0
08102002,12.8,14.0
09102002,15.0,17.7
10102002,14.0,16.4
11102002,15.0,19.4
12102002,12.0,19.0
13102002,10.0,20.0
14102002,12.0,17.2
15102002,14.5,18.1
16102002,16.0,19.4
17102002,15.0,22.0
18102002,8.0,22.0
19102002,5.4,22.6
20102002,5.5,18.8
21102002,11.0,14.0
22102002,11.0,16.0
23102002,12.0,19.5
24102002,8.0,19.5
25102002,11.5,15.2
26102002,10.0,21.2
27102002,8.4,18.5
28102002,7.0,22.0
29102002,3.8,18.5
30102002,4.6,17.1
31102002,8.0,18.3
01112002,5.0,17.8
02112002,6.6,16.0
03112002,8.4,13.0
04112002,5.8,18.0
05112002,3.8,19.0
06112002,3.5,13.3
07112002,5.0,7.0
08112002,4.0,14.0
09112002,0.9,11.2
10112002,-1.0,12.7
11112002,1.7,9.0
12112002,-0.6,13.3
13112002,7.2,9.3
14112002,8.5,13.0
15112002,11.1,16.0
16112002,10.0,17.2
17112002,9.7,14.7
18112002,9.0,11.4
19112002,8.9,10.0
20112002,6.4,11.2
21112002,10.0,11.0
22112002,5.0,11.2
23112002,2.0,11.3
24112002,8.5,10.6
25112002,8.5,12.0
26112002,9.7,12.2
27112002,11.5,15.0
28112002,10.8,15.5
29112002,7.0,13.0
30112002,6.0,15.0
01122002,3.0,9.2
02122002,2.3,7.1
03122002,5.0,6.4
04122002,2.0,9.0
05122002,7.0,10.0
06122002,7.0,10.3
07122002,4.0,10.0
08122002,3.6,9.0
09122002,2.0,5.0
10122002,-2.0,4.6
11122002,-1.8,2.4
12122002,0.5,3.0
13122002,2.0,7.1
14122002,-1.0,4.4
15122002,1.4,6.0
16122002,3.7,6.6
17122002,5.5,8.0
18122002,2.0,9.5
19122002,-0.1,5.3
20122002,1.9,5.4
21122002,1.4,6.2
22122002,4.6,6.1
23122002,4.6,8.4
24122002,5.5,8.2
25122002,6.9,9.6
26122002,6.9,9.3
27122002,6.0,8.0
28122002,4.0,8.2
29122002,1.0,14.8
30122002,1.0,7.0
31122002,4.3,9.0
01012003,4.0,7.0
02012003,3.8,6.0
03012003,3.0,12.8
04012003,3.0,6.9
05012003,1.7,4.5
06012003,-1.0,5.0
07012003,-1.0,5.0
08012003,0.7,2.2
09012003,-2.0,3.6
10012003,-3.0,2.0
11012003,-1.0,4.0
12012003,-4.0,5.1
13012003,-5.3,4.1
14012003,-3.0,8.1
15012003,-2.6,10.2
16012003,1.0,10.0
17012003,1.2,7.5
18012003,-1.0,3.3
19012003,-2.0,4.5
20012003,-3.0,8.8
21012003,2.0,4.3
22012003,-1.8,5.6
23012003,0.5,4.3
24012003,-1.0,11.0
25012003,-1.3,13.2
26012003,-2.0,11.2
27012003,-1.3,11.5
28012003,-1.2,15.8
29012003,-3.1,13.2
30012003,-0.1,9.4
31012003,-3.0,8.0
01022003,-2.0,9.6
02022003,-3.0,6.0
03022003,-3.7,4.9
04022003,0.9,7.4
05022003,2.0,11.3
06022003,0.8,10.4
07022003,-3.0,11.0
08022003,-3.1,10.9
09022003,-2.0,6.0
10022003,-4.4,6.0
11022003,-5.0,5.4
12022003,-3.5,7.0
13022003,-3.0,6.9
14022003,-1.0,7.0
15022003,-4.7,9.4
16022003,-0.6,6.4
17022003,-4.0,7.7
18022003,-6.0,8.2
19022003,-5.2,9.0
20022003,-5.4,10.2
21022003,-4.1,12.1
22022003,-3.0,10.9
23022003,-2.0,9.3
24022003,-4.3,12.4
25022003,-4.0,14.7
26022003,-3.0,13.9
27022003,-2.3,10.3
28022003,-1.4,15.5
01032003,1.0,15.2
02032003,6.8,11.0
03032003,4.8,13.2
04032003,1.0,17.3
05032003,1.0,16.9
06032003,1.7,15.2
07032003,6.0,15.3
08032003,2.8,14.3
09032003,3.8,15.3
10032003,3.0,21.8
11032003,5.0,17.3
12032003,8.6,20.0
13032003,7.0,19.2
14032003,4.0,15.2
15032003,3.0,12.7
16032003,0.7,15.3
17032003,0.8,16.3
18032003,4.0,18.4
19032003,1.0,17.1
20032003,1.3,20.2
21032003,3.0,17.3
22032003,3.5,15.0
23032003,2.0,14.4
24032003,-0.6,20.4
25032003,2.0,21.0
26032003,5.5,21.4
27032003,5.0,20.6
28032003,5.0,20.9
29032003,8.0,18.1
30032003,6.7,20.0
31032003,8.0,21.0
01042003,9.4,19.3
02042003,7.0,11.5
03042003,6.0,13.2
04042003,4.0,13.0
05042003,1.6,18.5
06042003,3.0,18.7
07042003,-1.0,12.4
08042003,-2.5,14.3
09042003,1.4,15.0
10042003,4.5,6.4
11042003,3.4,13.0
12042003,7.9,12.6
13042003,2.9,20.0
14042003,6.0,21.0
15042003,9.3,19.0
16042003,12.0,22.8
17042003,11.6,22.5
18042003,10.8,24.0
19042003,9.0,13.0
20042003,8.0,16.0
21042003,9.9,18.0
22042003,6.9,23.3
23042003,8.2,24.2
24042003,7.9,27.0
25042003,10.0,23.9
26042003,10.9,22.2
27042003,11.9,24.8
28042003,12.0,21.3
29042003,11.0,24.8
30042003,14.0,19.5
01052003,14.5,23.6
02052003,13.8,20.5
03052003,13.0,27.0
04052003,12.0,27.6
05052003,12.6,29.1
06052003,14.0,29.4
07052003,14.3,30.3
08052003,14.5,32.0
09052003,14.3,28.6
10052003,13.5,23.2
11052003,14.0,26.3
12052003,15.4,27.4
13052003,14.7,28.9
14052003,14.0,27.0
15052003,3.6,23.6
16052003,12.0,25.0
17052003,12.5,23.4
18052003,11.0,27.6
19052003,13.2,28.3
20052003,13.0,25.8
21052003,8.6,27.0
22052003,8.2,27.0
23052003,12.2,28.6
24052003,15.0,28.7
25052003,16.5,29.4
26052003,17.0,25.9
27052003,15.9,30.1
28052003,19.0,31.9
29052003,18.0,31.4
30052003,17.0,28.6
31052003,17.5,31.2
01062003,19.3,30.4
02062003,19.0,30.0
03062003,17.0,28.3
04062003,19.8,30.4
05062003,20.3,31.6
06062003,19.2,32.0
07062003,18.3,32.5
08062003,19.7,33.0
09062003,20.9,33.7
10062003,19.0,34.5
11062003,19.9,35.0
12062003,21.4,36.1
13062003,21.0,36.6
14062003,22.2,36.2
15062003,22.0,34.9
16062003,21.6,33.0
17062003,20.0,28.1
18062003,18.4,32.4
19062003,19.6,32.9
20062003,17.8,35.6
21062003,20.0,35.2
22062003,21.6,34.0
23062003,23.0,34.7
24062003,23.7,34.5
25062003,23.9,35.7
26062003,23.3,36.0
27062003,19.6,32.3
28062003,18.0,30.8
29062003,17.5,29.5
30062003,20.8,31.4
01072003,20.0,31.3
02072003,16.0,30.2
03072003,19.0,30.5
04072003,15.7,28.2
05072003,14.3,29.6
06072003,17.0,31.1
07072003,19.0,32.2
08072003,20.4,33.0
09072003,26.0,30.2
10072003,22.0,32.5
11072003,21.6,33.1
12072003,23.0,33.0
13072003,23.3,34.6
14072003,22.6,26.4
15072003,22.7,31.3
16072003,23.0,32.2
17072003,23.0,35.0
18072003,21.3,33.1
19072003,22.5,33.1
20072003,22.6,34.2
21072003,23.0,35.3
22072003,20.2,35.0
23072003,23.7,34.6
24072003,19.0,27.0
25072003,18.5,32.0
26072003,21.5,34.0
27072003,20.0,33.3
28072003,18.7,33.1
29072003,21.8,32.4
30072003,20.8,32.1
31072003,16.8,29.5
01082003,17.5,33.0
02082003,21.7,34.1
03082003,23.8,35.5
04082003,25.8,37.1
05082003,25.0,38.3
06082003,25.0,37.2
07082003,24.8,36.0
08082003,24.0,35.5
09082003,22.3,37.3
10082003,22.7,38.0
11082003,23.7,39.3
12082003,24.3,38.0
13082003,24.2,38.2
14082003,24.0,36.0
15082003,21.6,33.6
16082003,21.0,34.4
17082003,23.5,34.7
18082003,21.3,33.4
19082003,17.9,35.3
20082003,22.0,34.6
21082003,19.9,33.5
22082003,21.7,35.0
23082003,22.0,36.3
24082003,23.4,36.0
25082003,20.3,32.0
26082003,21.6,33.0
27082003,20.7,35.1
28082003,22.8,34.3
29082003,22.0,33.1
30082003,18.6,34.5
31082003,18.0,31.6
01092003,14.0,23.4
02092003,13.0,27.2
03092003,16.0,25.5
04092003,13.3,26.5
05092003,12.0,27.4
06092003,17.0,29.2
07092003,16.6,28.3
08092003,17.2,21.8
09092003,16.9,18.4
10092003,15.0,29.3
11092003,13.6,30.0
12092003,11.5,29.1
13092003,13.0,29.0
14092003,12.6,26.0
15092003,15.0,26.4
16092003,12.3,27.7
17092003,13.0,29.0
18092003,11.7,30.0
19092003,12.9,31.5
20092003,13.0,32.0
21092003,13.6,31.1
22092003,14.0,30.0
23092003,18.0,25.3
24092003,15.0,22.2
25092003,13.0,23.3
26092003,12.0,20.0
27092003,10.9,22.7
28092003,12.0,20.7
29092003,14.4,25.0
30092003,14.7,25.0
01102003,15.7,18.7
02102003,16.8,23.4
03102003,18.0,22.3
04102003,15.3,26.2
05102003,12.0,16.3
06102003,13.0,23.0
07102003,7.8,20.6
08102003,11.3,21.2
09102003,7.3,25.4
10102003,9.8,24.7
11102003,9.6,25.0
12102003,16.9,24.2
13102003,16.0,23.5
14102003,11.0,18.4
15102003,8.0,18.1
16102003,7.4,18.0
17102003,7.0,15.0
18102003,6.0,12.0
19102003,9.0,17.3
20102003,8.6,12.0
21102003,8.5,18.0
22102003,9.3,15.5
23102003,7.0,12.0
24102003,4.6,13.8
25102003,3.0,14.1
26102003,0.5,11.5
27102003,5.4,12.3
28102003,2.0,13.3
29102003,6.0,9.0
30102003,5.9,13.0
31102003,5.4,10.2
01112003,7.0,13.2
02112003,8.0,19.0
03112003,6.0,17.6
04112003,5.0,16.5
07112003,6.9,13.3
08112003,5.9,8.4
09112003,6.0,13.2
10112003,3.0,18.0
11112003,8.0,10.0
12112003,7.0,8.4
13112003,4.0,13.3
14112003,1.9,11.3
15112003,7.0,12.0
16112003,8.0,9.2
17112003,6.0,13.3
18112003,4.9,12.9
19112003,7.7,9.3
20112003,7.0,9.4
21112003,8.7,10.3
22112003,9.7,11.0
23112003,10.0,12.0
24112003,10.9,12.5
25112003,10.8,13.3
26112003,11.0,13.1
27112003,10.0,13.0
28112003,8.0,12.0
29112003,3.0,13.2
30112003,2.6,10.0
01122003,8.0,10.0
02122003,9.0,13.2
03122003,10.7,13.0
04122003,10.9,13.0
05122003,8.0,13.7
06122003,4.7,16.0
07122003,5.0,9.0
08122003,1.0,9.5
09122003,-2.2,9.6
10122003,1.8,5.0
11122003,4.0,9.0
12122003,2.9,13.6
13122003,-0.8,11.0
14122003,2.8,15.0
15122003,2.0,14.3
16122003,2.0,12.2
17122003,-1.1,9.0
18122003,4.0,6.5
19122003,1.0,7.0
20122003,-1.1,6.0
21122003,1.8,6.4
22122003,-1.0,7.0
23122003,-2.0,8.0
24122003,-6.0,8.1
25122003,-6.0,7.7
26122003,-3.8,8.1
27122003,-2.3,5.5
28122003,2.7,5.1
29122003,2.0,6.0
30122003,4.9,7.0
31122003,4.0,9.7
01012004,1.2,6.0
02012004,4.0,6.2
03012004,-0.2,10.0
04012004,0.0,5.4
05012004,-1.0,7.0
06012004,-1.0,4.5
07012004,1.0,5.0
08012004,3.7,6.1
09012004,2.7,5.3
10012004,1.2,7.0
11012004,-1.0,8.0
12012004,3.0,10.3
13012004,2.0,9.5
14012004,2.0,16.0
15012004,3.3,13.0
16012004,1.0,12.8
17012004,2.0,10.0
18012004,2.0,6.0
19012004,4.0,11.0
20012004,1.6,13.0
21012004,0.8,10.0
22012004,0.7,7.0
23012004,2.0,5.0
24012004,1.0,4.5
25012004,-1.8,8.6
26012004,-1.7,3.5
27012004,1.0,4.8
28012004,-1.8,5.6
29012004,-2.0,5.8
30012004,-2.1,10.0
31012004,1.5,6.1
01022004,1.6,11.1
02022004,4.0,14.2
03022004,1.6,11.3
04022004,0.1,15.7
05022004,1.0,16.6
06022004,3.0,16.3
07022004,5.0,10.5
08022004,2.8,17.2
09022004,1.1,17.8
10022004,-0.1,14.0
11022004,1.0,16.0
12022004,2.0,11.0
13022004,2.0,9.3
14022004,-1.0,13.4
15022004,3.0,13.4
16022004,-0.3,13.0
17022004,3.7,12.1
18022004,4.0,12.0
19022004,1.8,4.0
20022004,0.6,3.0
21022004,0.4,3.0
22022004,1.0,5.0
23022004,4.0,6.3
24022004,-1.0,8.0
25022004,-2.0,4.3
26022004,-1.4,7.0
27022004,-1.2,5.1
28022004,-2.3,3.0
29022004,-0.6,8.3
01032004,-2.0,9.8
02032004,-4.0,10.0
03032004,-3.2,13.6
04032004,-1.6,12.2
05032004,2.6,10.7
06032004,2.0,6.0
07032004,0.9,6.3
08032004,1.0,9.0
09032004,-3.2,13.0
10032004,1.5,4.0
11032004,1.6,4.2
12032004,1.0,11.7
13032004,4.0,14.7
14032004,7.7,11.0
15032004,5.0,18.1
16032004,3.0,21.8
17032004,4.0,23.0
18032004,5.0,23.4
19032004,7.8,19.7
20032004,9.5,18.6
21032004,10.8,17.0
22032004,7.0,20.8
23032004,5.0,7.1
24032004,4.9,15.2
25032004,4.2,14.4
26032004,6.7,12.7
27032004,5.8,10.5
28032004,3.5,15.0
29032004,3.0,17.3
30032004,3.5,14.4
31032004,6.9,18.6
01042004,4.0,23.7
02042004,7.0,22.4
03042004,11.0,20.1
04042004,7.3,21.0
05042004,9.7,21.0
06042004,8.4,20.0
07042004,6.0,18.8
08042004,4.0,17.6
09042004,5.0,8.0
10042004,4.7,13.0
11042004,2.8,18.2
12042004,5.2,13.8
13042004,6.6,14.0
14042004,7.0,19.0
15042004,9.0,14.0
16042004,8.7,11.0
17042004,8.9,17.9
18042004,10.9,18.0
19042004,7.0,12.3
20042004,7.0,20.5
21042004,6.6,22.5
22042004,8.9,23.7
23042004,10.0,26.0
24042004,13.0,27.5
25042004,9.9,22.1
26042004,10.2,21.4
27042004,8.4,24.0
28042004,11.7,25.4
29042004,11.8,19.6
30042004,12.8,16.3
01052004,12.0,21.4
02052004,10.5,22.2
03052004,12.0,14.0
04052004,11.6,15.3
05052004,12.0,15.1
06052004,8.9,14.7
07052004,7.9,19.4
08052004,7.3,20.1
09052004,9.0,21.3
10052004,7.8,23.1
11052004,12.4,24.4
12052004,11.9,24.0
13052004,11.8,22.6
14052004,12.5,25.2
15052004,15.0,24.2
16052004,13.0,30.0
17052004,12.6,26.0
18052004,17.0,27.4
19052004,14.0,30.0
20052004,14.5,29.0
21052004,16.6,27.4
22052004,15.0,24.7
23052004,12.8,23.7
24052004,12.3,23.0
25052004,10.9,24.6
26052004,12.8,26.2
27052004,13.6,28.2
28052004,15.0,25.0
29052004,12.8,25.4
30052004,14.4,27.5
31052004,16.0,25.3
01062004,18.0,22.3
02062004,15.0,27.3
03062004,16.3,28.2
04062004,14.3,29.7
05062004,17.0,29.3
06062004,14.9,28.0
07062004,16.0,30.7
08062004,17.0,32.8
09062004,18.8,35.0
10062004,19.5,35.5
11062004,21.9,33.1
12062004,20.0,32.5
13062004,16.9,24.9
14062004,16.8,27.4
15062004,19.0,30.5
16062004,19.7,32.6
17062004,18.5,29.8
18062004,18.5,33.3
19062004,19.3,30.2
20062004,16.0,23.0
21062004,14.9,28.6
22062004,17.0,27.0
23062004,19.5,28.9
24062004,18.5,30.8
25062004,20.7,32.9
26062004,20.9,30.4
27062004,20.3,34.3
28062004,22.0,35.0
29062004,23.3,33.1
30062004,21.0,32.0
01072004,22.6,31.2
02072004,22.0,33.5
03072004,18.4,29.8
04072004,19.9,32.3
05072004,20.0,34.4
06072004,20.0,32.6
07072004,21.7,29.6
08072004,21.6,28.0
09072004,18.8,31.3
10072004,18.8,30.5
11072004,15.0,28.0
12072004,14.3,25.8
13072004,14.2,29.0
14072004,16.6,30.0
15072004,17.0,33.0
16072004,19.6,31.7
17072004,20.6,33.0
18072004,21.7,33.3
19072004,21.8,34.0
20072004,22.9,33.4
21072004,21.4,34.3
22072004,21.6,35.5
23072004,23.0,35.2
24072004,20.0,27.4
25072004,19.5,31.3
26072004,21.5,30.1
27072004,19.8,28.0
28072004,18.9,28.8
29072004,19.8,30.0
30072004,19.0,32.1
31072004,21.5,32.3
01082004,21.5,34.0
02082004,21.8,33.1
03082004,22.0,33.4
04082004,19.0,30.0
05082004,19.2,29.7
06082004,19.8,30.5
07082004,20.3,31.8
08082004,19.5,29.7
09082004,20.7,28.4
10082004,20.6,28.7
11082004,22.7,31.7
12082004,21.4,31.5
13082004,20.7,32.4
14082004,16.5,32.1
15082004,16.0,30.6
16082004,19.4,30.4
17082004,20.6,31.1
18082004,21.6,31.0
19082004,20.9,33.0
20082004,21.0,32.6
21082004,17.0,30.8
22082004,13.9,29.6
23082004,15.4,30.1
24082004,19.7,27.6
25082004,20.5,29.4
26082004,18.0,30.5
27082004,14.7,30.6
28082004,14.8,30.0
29082004,18.3,30.0
30082004,19.2,30.0
31082004,21.0,30.0
01092004,16.9,26.3
02092004,17.3,30.1
03092004,18.6,31.6
04092004,19.9,33.2
05092004,21.0,30.8
06092004,19.0,28.6
07092004,16.8,29.3
08092004,16.5,30.0
09092004,17.8,29.2
10092004,18.5,27.5
11092004,17.7,27.6
12092004,18.0,23.8
13092004,16.5,24.0
14092004,18.0,20.6
15092004,18.0,25.1
16092004,15.0,20.4
17092004,16.4,25.2
18092004,15.0,25.7
19092004,14.4,26.0
20092004,16.3,27.2
21092004,15.7,26.1
22092004,14.2,28.0
23092004,15.9,30.1
24092004,12.0,26.0
25092004,9.4,24.7
26092004,9.7,24.0
27092004,10.6,22.7
28092004,10.2,23.4
29092004,10.7,22.7
30092004,13.0,25.5
01102004,16.6,25.0
02102004,14.5,24.0
03102004,17.0,25.6
04102004,15.5,24.3
05102004,14.8,25.4
06102004,16.0,25.5
07102004,18.0,23.0
08102004,18.6,25.0
09102004,18.8,24.5
10102004,16.0,24.0
11102004,13.0,18.6
12102004,11.0,13.0
13102004,8.0,13.2
14102004,5.4,15.0
15102004,9.8,14.0
16102004,9.0,16.0
17102004,6.6,19.4
18102004,5.8,15.3
19102004,11.8,13.1
20102004,12.0,14.0
21102004,12.9,17.0
22102004,15.0,18.2
23102004,14.3,22.0
24102004,14.2,19.2
25102004,15.4,17.3
26102004,16.0,19.0
27102004,15.0,18.5
28102004,14.0,17.5
29102004,13.0,16.1
30102004,12.6,18.0
31102004,13.0,17.6
01112004,13.5,17.0
02112004,15.4,20.0
03112004,14.2,23.0
04112004,14.0,23.0
05112004,13.0,20.2
06112004,11.0,16.2
07112004,6.0,16.5
08112004,2.6,14.4
09112004,0.3,9.0
10112004,5.5,8.0
11112004,5.8,10.0
12112004,8.0,13.4
13112004,5.0,18.1
14112004,1.2,14.0
15112004,2.8,10.3
16112004,-1.2,13.0
17112004,0.4,13.0
18112004,1.6,16.0
19112004,6.9,17.3
20112004,0.4,12.6
21112004,-2.0,10.7
22112004,0.6,9.0
23112004,3.0,13.5
24112004,2.0,11.0
25112004,3.5,10.1
26112004,1.0,10.1
27112004,3.0,13.0
28112004,1.1,8.5
29112004,6.0,8.0
30112004,4.5,12.1
01122004,2.4,8.5
02122004,6.0,9.0
03122004,6.9,9.5
04122004,6.9,9.4
05122004,7.0,10.4
06122004,7.3,11.0
07122004,5.0,14.6
08122004,2.4,11.0
09122004,5.0,14.7
10122004,1.0,14.4
11122004,-1.3,12.9
12122004,-2.4,12.2
13122004,-3.0,11.1
14122004,-3.0,9.9
15122004,1.0,8.4
16122004,4.9,7.1
17122004,4.0,8.0
18122004,3.0,12.0
19122004,-1.2,5.5
20122004,-1.6,9.5
21122004,-3.0,7.6
22122004,-5.0,6.0
23122004,-4.0,7.3
24122004,-3.0,3.2
25122004,2.0,3.4
26122004,2.0,4.0
27122004,2.4,7.0
28122004,4.0,8.0
29122004,3.5,10.0
30122004,-1.0,10.0
31122004,-2.6,8.0
01012005,-3.0,8.6
02012005,-1.1,11.5
03012005,-1.0,13.7
04012005,-1.3,13.0
05012005,-0.5,12.3
06012005,-1.3,13.1
07012005,-1.7,3.0
08012005,-1.2,7.0
09012005,2.4,8.0
10012005,3.0,9.0
11012005,2.6,12.3
12012005,3.0,9.0
13012005,-2.3,9.5
14012005,0.9,3.5
15012005,0.4,3.0
16012005,0.9,4.3
17012005,-1.0,2.1
18012005,-1.3,1.0
19012005,-4.0,6.5
20012005,-5.1,9.1
21012005,4.0,19.1
22012005,-0.1,13.1
23012005,-3.0,6.2
24012005,-3.2,7.0
25012005,-1.0,7.9
26012005,-3.4,7.4
27012005,-4.4,6.5
28012005,-4.0,4.0
29012005,-5.0,4.0
30012005,-7.0,6.4
31012005,-6.2,7.4
01022005,0.8,15.8
02022005,-4.6,12.0
03022005,-3.4,16.5
04022005,2.0,9.7
05022005,2.1,4.5
06022005,-4.2,7.8
07022005,-5.0,4.4
08022005,-2.0,7.0
09022005,-5.0,9.0
10022005,-4.0,11.3
11022005,-0.8,14.5
12022005,1.2,13.4
13022005,4.2,16.8
14022005,4.0,12.5
15022005,-2.0,13.6
16022005,-4.0,9.2
17022005,-4.5,10.8
18022005,-4.0,11.0
19022005,-3.6,6.2
20022005,1.0,3.2
21022005,1.0,2.3
22022005,-0.5,4.0
23022005,0.6,7.3
24022005,-3.2,6.3
25022005,-0.8,8.0
26022005,-2.8,9.0
27022005,-2.8,7.0
28022005,-2.0,3.0
01032005,-4.2,2.4
02032005,-6.8,6.0
03032005,-2.5,1.0
04032005,-4.0,7.0
05032005,-5.2,7.0
06032005,-3.8,10.0
07032005,-0.9,8.5
08032005,-3.0,14.6
09032005,0.5,16.3
10032005,-1.8,16.5
11032005,1.0,13.4
12032005,4.7,16.0
13032005,1.4,16.4
14032005,2.5,16.2
15032005,4.8,19.0
16032005,4.0,20.4
17032005,4.8,22.2
18032005,7.0,25.4
19032005,8.6,27.0
20032005,6.9,17.7
21032005,9.0,16.3
22032005,5.1,17.0
23032005,11.0,18.1
24032005,8.5,15.4
25032005,11.4,17.1
26032005,10.6,16.0
27032005,11.0,13.2
28032005,9.8,22.7
29032005,10.0,18.0
30032005,9.3,19.4
31032005,9.5,20.0
01042005,11.0,15.6
02042005,7.0,16.0
03042005,3.5,17.4
04042005,3.2,19.1
05042005,5.2,19.2
06042005,6.1,20.0
07042005,8.5,15.6
08042005,9.0,13.3
09042005,8.0,12.4
10042005,7.0,13.3
11042005,8.0,11.0
12042005,8.0,12.4
13042005,5.8,20.0
14042005,6.4,20.7
15042005,9.1,19.8
16042005,8.0,13.0
17042005,7.0,14.3
18042005,6.8,19.5
19042005,7.8,16.8
20042005,8.0,15.5
21042005,4.8,20.0
22042005,8.0,17.0
23042005,8.0,16.4
24042005,10.0,12.2
25042005,9.7,17.1
26042005,8.1,23.8
27042005,7.8,23.8
28042005,10.0,23.0
29042005,13.5,24.4
30042005,12.3,25.0
01052005,13.0,27.1
02052005,13.2,27.2
03052005,14.9,26.5
04052005,12.3,25.1
05052005,12.0,23.7
06052005,8.9,26.1
07052005,9.0,25.0
08052005,12.7,24.0
09052005,13.9,21.5
10052005,10.6,14.4
11052005,9.6,21.1
12052005,11.6,22.4
13052005,14.3,23.4
14052005,13.0,19.3
15052005,11.3,24.1
16052005,15.7,21.8
17052005,14.8,23.5
18052005,13.3,21.4
19052005,11.1,25.3
20052005,14.0,26.4
21052005,14.4,27.1
22052005,17.0,27.4
23052005,14.0,21.0
24052005,10.8,27.1
25052005,13.7,28.6
26052005,17.5,29.1
27052005,19.0,31.9
28052005,18.2,32.7
29052005,20.5,33.3
30052005,18.9,33.0
31052005,18.4,31.3
01062005,18.0,26.1
02062005,17.8,27.3
03062005,18.0,29.6
04062005,19.3,29.2
05062005,20.0,27.8
06062005,16.9,25.7
07062005,16.0,30.5
08062005,13.0,24.2
09062005,13.8,23.5
10062005,11.2,25.2
11062005,15.0,25.1
12062005,17.5,27.0
13062005,17.4,25.8
14062005,18.0,21.0
15062005,18.0,27.9
16062005,19.0,31.4
17062005,21.8,31.4
18062005,20.2,33.5
19062005,22.0,32.0
20062005,21.6,31.5
21062005,21.8,32.5
22062005,22.0,34.6
23062005,22.2,35.0
24062005,23.4,33.8
25062005,23.7,33.1
26062005,20.4,35.6
27062005,24.0,36.3
28062005,22.7,36.6
29062005,20.0,35.0
30062005,20.0,33.0
01072005,21.0,32.8
02072005,20.7,34.0
03072005,20.6,32.1
04072005,21.0,31.0
05072005,19.6,27.1
06072005,18.0,28.5
07072005,18.0,27.7
08072005,17.0,27.7
09072005,16.0,26.0
10072005,18.0,24.3
11072005,17.4,30.4
12072005,20.5,32.0
13072005,20.5,30.4
14072005,20.8,32.0
15072005,21.0,32.0
16072005,22.0,32.0
17072005,23.0,33.0
18072005,18.0,31.5
19072005,17.3,32.0
20072005,20.2,32.4
21072005,18.9,34.0
22072005,19.5,32.0
23072005,18.0,28.4
24072005,19.8,30.5
25072005,22.9,31.7
26072005,21.6,33.0
27072005,23.7,33.4
28072005,24.5,35.3
29072005,24.5,33.8
30072005,24.2,34.9
31072005,23.5,32.9
01082005,20.2,32.4
02082005,19.0,28.1
03082005,18.0,32.0
04082005,18.0,31.9
05082005,16.5,29.9
06082005,17.8,27.0
07082005,17.0,25.0
08082005,15.5,27.7
09082005,16.0,28.0
10082005,17.4,27.3
11082005,20.2,27.0
12082005,19.9,28.1
13082005,19.9,30.6
14082005,18.0,28.4
15082005,15.0,29.4
16082005,14.2,30.3
17082005,16.7,32.1
18082005,19.7,29.4
19082005,19.4,32.0
20082005,19.0,26.1
21082005,17.5,22.8
22082005,16.6,22.2
23082005,17.2,27.3
24082005,17.3,29.8
25082005,19.1,29.0
26082005,21.4,29.0
27082005,18.0,27.0
28082005,17.7,26.7
29082005,19.0,29.9
30082005,20.0,31.7
31082005,21.5,30.6
01092005,21.0,31.5
02092005,21.0,33.0
03092005,20.9,31.5
04092005,20.0,28.8
05092005,19.4,27.0
06092005,17.0,26.9
07092005,18.5,24.5
08092005,17.0,26.8
09092005,19.0,22.0
10092005,18.5,27.4
11092005,18.0,25.3
12092005,16.0,24.2
13092005,15.0,27.2
14092005,17.0,28.7
15092005,16.6,30.0
16092005,17.4,28.0
17092005,16.0,24.4
18092005,13.9,17.8
19092005,14.7,20.1
20092005,15.0,24.1
21092005,16.6,23.6
22092005,16.0,24.4
23092005,14.5,24.6
24092005,15.3,26.1
25092005,15.0,26.2
26092005,14.5,26.6
27092005,16.9,26.2
28092005,17.7,26.0
29092005,17.5,24.0
30092005,14.7,25.1
01102005,13.4,23.2
02102005,13.0,17.8
03102005,12.4,15.1
04102005,12.0,18.4
05102005,13.2,18.5
06102005,13.9,17.0
07102005,14.8,19.6
08102005,14.6,21.5
09102005,13.5,22.4
10102005,11.8,20.3
11102005,10.1,20.9
12102005,9.1,20.2
13102005,8.3,21.0
14102005,7.6,21.3
15102005,8.8,20.4
16102005,7.2,21.4
17102005,9.8,17.1
18102005,12.7,15.5
19102005,11.0,15.0
20102005,10.7,14.3
21102005,12.0,17.6
22102005,13.8,19.1
23102005,15.0,18.0
24102005,11.0,19.6
25102005,13.9,19.4
26102005,12.0,22.2
27102005,14.0,20.1
28102005,13.7,21.0
29102005,11.0,21.0
30102005,7.8,20.0
31102005,11.2,15.2
01112005,12.8,15.0
02112005,12.0,17.7
03112005,10.0,18.3
04112005,13.0,16.0
05112005,12.8,15.0
06112005,12.9,15.0
07112005,9.0,17.7
08112005,8.3,13.0
09112005,10.8,13.0
10112005,10.0,12.5
11112005,8.0,10.7
12112005,6.0,9.0
01122005,-1.6,8.6
02122005,-1.9,4.3
03122005,-0.5,4.5
04122005,-2.0,3.0
05122005,1.0,6.0
06122005,3.0,7.1
07122005,-1.0,7.2
08122005,-3.0,5.0
09122005,1.0,10.0
10122005,-1.0,8.4
11122005,-3.0,8.0
12122005,-0.2,7.1
13122005,1.0,8.0
14122005,-1.1,7.1
15122005,-3.3,7.5
16122005,-2.0,9.7
17122005,1.0,12.0
18122005,1.0,9.1
19122005,-4.0,3.0
20122005,-2.2,7.0
21122005,-3.0,6.0
22122005,-3.0,8.2
23122005,-2.0,6.3
24122005,1.4,7.0
25122005,3.0,5.0
26122005,2.0,6.0
27122005,1.0,4.0
28122005,-1.0,3.0
29122005,-8.0,1.8
30122005,-11.0,1.6
31122005,-3.8,1.2
01012006,-1.2,1.2
02012006,-6.0,5.0
03012006,-2.0,7.1
04012006,-3.0,7.7
05012006,-0.6,6.0
06012006,-0.8,8.4
07012006,-1.3,7.6
08012006,1.9,8.0
09012006,1.0,9.0
10012006,-3.0,8.0
11012006,-3.1,9.3
12012006,-3.0,8.3
13012006,-3.0,9.1
14012006,-4.5,8.3
15012006,-2.0,5.3
16012006,-3.1,6.0
17012006,-0.1,3.0
18012006,-1.0,5.1
19012006,-1.9,8.2
20012006,-4.0,7.0
21012006,-1.6,5.9
22012006,-1.6,10.4
23012006,-1.0,7.1
24012006,-4.0,4.2
25012006,-6.2,5.0
26012006,-5.0,1.8
27012006,-1.1,2.0
28012006,1.0,5.0
29012006,1.9,5.7
30012006,2.2,12.0
31012006,1.0,11.5
01022006,-2.1,11.3
02022006,-2.9,13.0
03022006,-2.0,12.0
04022006,-0.1,10.5
05022006,-1.0,6.3
06022006,-3.2,4.8
07022006,-3.0,6.5
08022006,0.6,5.0
09022006,-2.3,11.4
10022006,-2.3,12.2
11022006,-2.2,11.0
12022006,-3.1,9.1
13022006,-3.0,9.4
14022006,-2.5,9.0
15022006,3.7,5.0
16022006,3.6,6.0
17022006,0.8,7.6
18022006,0.1,8.0
19022006,3.7,9.0
20022006,3.4,7.0
21022006,4.7,9.0
22022006,5.1,9.0
23022006,1.9,13.0
24022006,5.0,8.6
25022006,5.0,8.1
26022006,2.0,10.6
27022006,3.5,9.0
28022006,1.9,7.9
01032006,-1.0,9.8
02032006,1.0,9.6
03032006,0.3,10.0
04032006,5.9,12.4
05032006,6.0,15.7
06032006,3.0,13.4
07032006,1.8,11.9
08032006,2.0,11.6
09032006,5.7,14.0
10032006,5.0,17.3
11032006,4.0,15.4
12032006,2.0,9.4
13032006,-1.4,16.0
14032006,2.3,13.0
15032006,1.1,12.3
16032006,5.8,10.5
17032006,3.8,14.0
18032006,5.0,12.2
19032006,5.0,12.0
20032006,4.7,14.0
21032006,5.0,10.0
22032006,7.0,16.2
23032006,4.4,17.5
24032006,8.0,11.0
25032006,8.0,16.4
26032006,7.8,19.1
27032006,13.0,15.3
28032006,10.0,14.0
29032006,6.3,20.4
30032006,6.2,17.4
31032006,9.7,21.0
01042006,8.9,16.0
02042006,6.0,21.6
03042006,8.1,22.7
04042006,5.0,19.4
05042006,9.0,12.4
06042006,6.0,15.0
07042006,5.3,14.3
08042006,3.7,18.0
09042006,7.6,12.5
10042006,9.0,14.1
11042006,6.0,15.0
12042006,2.8,17.0
13042006,4.0,20.2
14042006,6.5,23.0
15042006,11.0,17.4
16042006,12.0,20.3
17042006,10.0,16.5
18042006,10.0,21.4
19042006,9.6,22.6
20042006,10.2,23.0
21042006,9.4,24.0
22042006,9.3,25.4
23042006,11.6,25.5
24042006,10.3,25.5
25042006,13.0,21.5
26042006,12.0,23.4
27042006,13.0,24.3
28042006,13.7,22.2
29042006,12.0,22.6
30042006,9.4,17.1
01052006,9.4,19.3
02052006,13.0,21.1
03052006,11.9,22.8
04052006,11.0,24.2
05052006,14.0,18.5
06052006,10.4,23.0
07052006,9.7,24.5
08052006,14.7,20.2
09052006,10.7,16.0
10052006,11.2,21.0
11052006,11.9,23.5
12052006,11.4,26.0
13052006,12.7,25.2
14052006,12.3,25.8
15052006,15.0,25.1
16052006,14.0,26.5
17052006,15.5,27.6
18052006,15.3,26.2
19052006,16.4,27.8
20052006,16.8,25.1
21052006,15.1,24.7
22052006,17.7,26.1
23052006,15.5,23.7
24052006,14.0,25.0
25052006,12.8,23.7
26052006,13.3,26.4
27052006,16.9,29.5
28052006,15.8,27.6
29052006,14.0,26.0
30052006,12.5,21.9
31052006,6.7,19.9
01062006,7.9,22.5
02062006,10.2,22.1
03062006,11.4,25.5
04062006,10.2,27.5
05062006,11.7,26.4
06062006,13.1,25.0
07062006,12.4,23.9
08062006,14.6,25.7
09062006,16.0,25.1
10062006,14.4,27.1
11062006,16.9,25.0
12062006,17.0,27.4
13062006,16.0,30.4
14062006,17.8,32.0
15062006,19.7,31.1
16062006,18.1,27.3
17062006,17.4,30.3
18062006,18.8,30.6
19062006,17.4,31.1
20062006,21.5,32.2
21062006,21.8,34.1
22062006,19.8,33.5
23062006,19.9,32.0
24062006,20.0,34.0
25062006,20.0,31.4
26062006,21.5,33.3
27062006,21.8,34.8
28062006,23.5,33.3
29062006,21.0,30.0
30062006,18.1,33.5
01072006,20.6,32.2
02072006,21.8,30.2
03072006,22.0,30.9
04072006,20.0,29.7
05072006,20.5,30.3
06072006,18.0,28.7
07072006,17.4,27.7
08072006,19.3,30.4
09072006,20.2,31.6
10072006,21.0,32.8
11072006,22.2,34.2
12072006,22.6,33.9
13072006,21.0,33.2
14072006,20.7,33.7
15072006,23.7,33.1
16072006,23.0,29.4
17072006,21.0,30.0
18072006,21.0,32.0
19072006,21.0,33.7
20072006,20.0,35.6
21072006,19.0,36.6
22072006,23.0,36.1
23072006,23.0,35.0
24072006,23.7,34.0
25072006,25.0,34.9
26072006,22.0,35.0
27072006,21.0,34.4
28072006,22.8,34.0
29072006,19.8,32.2
30072006,20.6,33.7
31072006,22.4,34.9
01082006,21.0,30.2
02082006,20.8,31.2
03082006,16.9,26.7
04082006,15.7,27.5
05082006,17.2,27.2
06082006,15.9,29.8
07082006,17.0,31.4
08082006,17.8,32.0
09082006,18.0,28.0
10082006,16.0,29.3
11082006,16.0,26.1
12082006,15.0,25.1
13082006,13.6,23.7
14082006,13.2,25.3
15082006,15.4,27.0
16082006,17.0,20.3
17082006,19.0,26.4
18082006,19.4,29.1
19082006,18.7,26.5
20082006,18.5,29.1
21082006,18.5,28.4
22082006,18.3,29.0
23082006,17.7,28.7
24082006,19.0,27.0
25082006,15.9,25.9
26082006,17.0,27.0
27082006,16.3,27.1
28082006,16.0,25.4
29082006,15.3,27.3
30082006,12.9,26.0
31082006,10.6,26.2
01092006,11.5,28.0
02092006,12.5,28.1
03092006,16.9,29.6
04092006,16.7,31.4
05092006,17.6,32.0
06092006,19.2,31.5
07092006,21.8,31.4
08092006,21.0,30.3
09092006,18.0,26.4
10092006,14.5,27.1
11092006,13.9,27.5
12092006,14.8,26.6
13092006,14.9,27.0
14092006,17.0,21.8
15092006,16.4,24.1
16092006,18.0,25.2
17092006,16.9,23.9
18092006,15.0,24.6
19092006,15.6,28.0
20092006,15.5,27.1
21092006,16.8,27.2
22092006,16.4,27.5
23092006,17.4,23.3
24092006,15.8,23.6
25092006,16.0,19.4
26092006,16.0,23.0
27092006,15.9,26.6
28092006,13.4,26.1
29092006,15.0,25.2
30092006,15.5,24.1
01102006,17.7,20.1
02102006,17.7,24.2
03102006,17.0,23.2
04102006,14.0,23.5
05102006,10.4,22.3
06102006,10.3,22.2
07102006,12.0,19.7
08102006,8.9,23.0
09102006,8.9,22.6
10102006,8.2,23.7
11102006,9.0,22.7
12102006,11.0,22.5
13102006,11.3,23.3
14102006,10.8,20.4
15102006,10.0,21.0
16102006,8.2,21.1
17102006,9.0,18.7
18102006,7.7,18.0
19102006,12.0,14.0
20102006,11.9,15.1
21102006,11.9,16.1
22102006,13.4,18.0
23102006,14.0,16.0
24102006,14.0,20.2
25102006,12.5,22.6
26102006,12.2,22.2
27102006,11.0,23.0
28102006,11.7,19.0
29102006,12.0,21.5
30102006,9.8,21.0
31102006,7.0,19.5
01112006,8.3,19.5
02112006,7.0,14.3
03112006,1.2,14.6
04112006,0.4,13.3
05112006,0.4,15.5
06112006,6.0,15.7
07112006,2.5,18.5
08112006,6.8,15.5
09112006,9.0,18.0
10112006,4.7,16.3
11112006,3.6,12.1
12112006,6.8,16.0
13112006,2.7,13.5
14112006,3.4,16.3
15112006,9.0,13.0
16112006,10.0,13.2
17112006,11.0,13.0
18112006,11.7,14.2
19112006,11.0,14.0
20112006,11.0,14.0
21112006,8.4,11.2
22112006,5.0,16.0
23112006,3.0,12.7
24112006,9.0,11.0
25112006,8.7,11.0
26112006,10.0,16.2
27112006,10.8,12.4
28112006,10.0,12.0
29112006,10.0,12.0
30112006,5.0,16.3
01122006,3.0,14.0
02122006,4.5,9.4
03122006,8.0,10.0
04122006,8.5,10.4
05122006,6.8,10.3
06122006,8.9,11.0
07122006,9.5,13.0
08122006,10.0,13.0
09122006,7.0,12.5
10122006,3.3,11.5
11122006,3.0,11.0
12122006,-0.3,10.5
13122006,-0.1,10.3
14122006,-1.0,12.3
15122006,-1.0,11.3
16122006,1.1,7.3
17122006,5.5,8.2
18122006,6.0,8.1
19122006,3.0,8.1
20122006,-2.3,9.1
21122006,-2.7,9.5
22122006,-2.0,10.3
23122006,-3.3,8.2
24122006,-3.0,10.3
25122006,-3.0,10.0
26122006,-3.1,7.4
27122006,-2.0,2.0
28122006,-1.6,3.7
29122006,0.9,3.0
30122006,1.3,4.0
31122006,1.3,9.5
01012007,3.0,7.0
02012007,1.8,13.3
03012007,1.0,15.0
04012007,1.1,9.0
05012007,-2.0,8.6
06012007,0.6,8.0
07012007,4.5,9.0
08012007,6.0,9.0
09012007,6.0,9.4
10012007,7.0,9.0
11012007,6.9,14.3
12012007,4.0,18.0
13012007,3.0,5.0
14012007,4.4,10.0
15012007,3.7,11.0
16012007,4.0,6.8
17012007,4.0,7.4
18012007,3.9,7.0
19012007,4.6,20.3
20012007,4.0,11.0
21012007,6.8,11.4
22012007,6.9,9.0
23012007,7.0,10.0
24012007,4.0,8.5
25012007,1.0,5.0
26012007,-1.0,4.0
27012007,-2.5,8.0
28012007,-2.6,12.4
29012007,2.0,11.6
30012007,-0.8,9.6
31012007,-1.6,4.3
01022007,-2.4,8.4
02022007,-1.0,8.2
03022007,-1.9,10.5
04022007,-2.0,9.0
05022007,-4.1,10.7
06022007,3.0,5.0
07022007,4.0,8.0
08022007,5.5,8.1
09022007,4.8,11.0
10022007,5.0,11.6
11022007,1.0,14.8
12022007,1.7,8.0
13022007,3.0,17.2
14022007,0.6,11.2
15022007,4.0,16.0
16022007,0.8,12.3
17022007,0.6,10.8
18022007,2.0,10.4
19022007,-1.5,12.1
20022007,-1.5,15.7
21022007,3.8,10.5
22022007,5.0,16.3
23022007,3.9,16.0
24022007,6.0,11.4
25022007,8.0,10.0
26022007,5.6,14.4
27022007,3.4,19.0
28022007,5.0,16.0
01032007,3.8,13.8
02032007,6.3,19.0
03032007,5.9,18.3
04032007,2.5,20.0
05032007,4.0,19.5
06032007,10.0,14.0
07032007,10.0,12.2
08032007,6.9,18.1
09032007,5.7,18.5
10032007,6.0,17.1
11032007,2.0,16.1
12032007,1.7,17.4
13032007,1.7,21.3
14032007,3.9,21.8
15032007,5.5,21.9
16032007,5.5,21.0
17032007,6.0,21.3
18032007,7.0,19.0
19032007,4.0,17.4
20032007,3.7,7.5
21032007,2.3,15.7
22032007,0.7,13.4
23032007,4.0,12.7
24032007,0.1,14.5
25032007,6.0,8.9
26032007,6.0,16.1
27032007,7.0,16.1
28032007,5.0,16.0
29032007,3.4,16.7
30032007,3.6,13.0
31032007,7.0,14.8
01042007,9.0,14.6
02042007,7.8,19.0
03042007,6.3,19.8
04042007,8.7,17.1
05042007,7.3,19.1
06042007,6.6,21.1
07042007,6.5,23.6
08042007,10.0,20.5
09042007,6.6,23.0
10042007,9.4,24.1
11042007,7.7,24.8
12042007,9.7,24.1
13042007,12.0,24.0
14042007,11.4,25.3
15042007,10.8,26.2
16042007,10.0,25.6
17042007,14.0,24.0
18042007,10.2,27.0
19042007,12.8,22.5
20042007,12.0,25.1
21042007,13.0,24.1
22042007,14.9,26.0
23042007,12.8,27.6
24042007,13.4,29.7
25042007,17.0,26.0
26042007,14.0,24.0
27042007,11.5,26.1
28042007,13.7,27.6
29042007,11.0,28.0
30042007,14.0,25.8
01052007,11.8,24.0
02052007,11.0,17.1
03052007,10.4,19.7
04052007,12.9,16.0
05052007,12.6,20.3
06052007,10.1,23.3
07052007,10.4,26.4
08052007,14.5,27.3
09052007,15.0,29.3
10052007,13.4,29.6
11052007,16.0,26.6
12052007,17.0,22.0
13052007,16.0,18.0
14052007,15.3,25.4
15052007,12.0,23.0
16052007,7.9,23.5
17052007,14.4,24.0
18052007,12.6,26.4
19052007,13.0,27.6
20052007,14.4,30.0
21052007,15.4,32.0
22052007,17.0,33.7
23052007,18.1,33.3
24052007,18.8,33.0
25052007,19.4,32.8
26052007,17.5,27.1
27052007,16.0,26.6
28052007,11.0,19.0
29052007,10.8,16.2
30052007,9.2,24.0
31052007,11.0,23.0
01062007,13.0,17.2
02062007,10.9,17.7
03062007,13.8,26.3
04062007,17.0,29.2
05062007,17.0,27.9
06062007,16.6,22.9
07062007,17.0,24.0
08062007,15.0,27.8
09062007,18.0,29.0
10062007,19.5,30.5
11062007,19.0,28.4
12062007,19.0,29.0
13062007,19.7,28.2
14062007,18.3,29.2
15062007,17.0,26.4
16062007,15.0,28.4
17062007,15.9,27.5
18062007,19.0,26.1
19062007,18.0,30.7
20062007,21.6,32.8
21062007,21.0,31.0
22062007,18.8,30.2
23062007,18.7,30.7
24062007,17.7,29.9
25062007,18.7,30.7
26062007,18.4,28.6
27062007,14.0,28.5
28062007,15.7,27.2
29062007,16.9,28.5
30062007,17.0,29.2
01072007,20.5,31.2
02072007,19.0,28.4
03072007,17.6,27.7
04072007,16.0,28.0
05072007,11.9,27.4
06072007,13.6,29.7
07072007,18.0,31.2
08072007,17.4,31.5
09072007,19.0,27.0
10072007,15.4,28.6
11072007,13.5,26.7
12072007,13.5,29.0
13072007,15.4,30.5
14072007,16.0,32.5
15072007,17.0,35.0
16072007,18.3,34.4
17072007,19.1,34.4
18072007,19.0,35.2
19072007,20.0,35.8
20072007,19.2,36.5
21072007,19.1,35.2
22072007,20.6,33.4
23072007,18.0,32.7
24072007,20.6,33.1
25072007,17.4,32.7
26072007,20.0,33.2
27072007,20.2,35.5
28072007,19.2,35.3
29072007,21.9,33.6
30072007,18.8,35.6
31072007,18.0,28.3
01082007,16.8,29.3
02082007,17.0,29.7
03082007,18.0,30.1
04082007,18.5,30.5
05082007,19.0,30.4
06082007,19.5,31.6
07082007,19.0,33.0
08082007,15.0,25.4
09082007,14.7,25.7
10082007,15.3,28.5
11082007,15.8,30.3
12082007,18.0,30.0
13082007,19.0,30.0
14082007,21.0,29.5
15082007,19.7,31.7
16082007,20.6,31.6
17082007,20.0,30.1
18082007,17.4,29.0
19082007,19.1,30.1
20082007,14.0,22.9
21082007,14.0,19.4
22082007,15.4,23.1
23082007,15.2,25.0
24082007,15.5,27.4
25082007,16.0,30.2
26082007,17.5,32.1
27082007,19.6,32.0
29082007,19.4,28.0
30082007,19.0,26.5
31082007,17.0,24.7
01092007,16.4,27.3
02092007,16.9,26.9
03092007,15.8,27.6
04092007,17.8,23.0
05092007,13.0,23.6
06092007,9.7,20.8
07092007,9.5,28.4
08092007,11.8,27.5
09092007,12.0,27.4
10092007,15.0,26.7
11092007,16.7,29.2
12092007,13.8,26.5
13092007,12.8,27.0
14092007,13.0,27.0
15092007,14.0,28.2
16092007,16.0,28.3
17092007,16.8,27.0
18092007,14.0,25.9
19092007,9.1,24.0
20092007,11.0,22.0
21092007,10.5,23.7
22092007,10.3,25.1
23092007,11.2,27.0
24092007,11.3,26.4
25092007,11.6,23.0
26092007,11.0,18.0
27092007,9.5,14.1
28092007,9.3,19.0
29092007,11.1,19.3
30092007,13.0,19.2
01102007,6.0,24.0
02102007,11.5,26.4
03102007,12.0,26.9
04102007,16.0,25.0
05102007,6.0,26.1
06102007,15.0,25.4
07102007,14.0,22.6
08102007,11.5,22.8
09102007,10.2,22.4
10102007,10.0,21.4
11102007,9.0,21.0
12102007,9.0,22.1
13102007,8.9,21.2
14102007,12.8,19.6
15102007,7.8,20.6
16102007,5.7,20.3
17102007,6.4,19.0
18102007,6.5,20.0
19102007,7.0,19.4
20102007,4.0,14.8
21102007,0.8,14.8
22102007,0.5,17.3
23102007,3.8,19.0
24102007,7.0,11.0
25102007,8.0,14.0
26102007,10.3,13.0
27102007,10.0,19.5
28102007,10.1,19.4
29102007,9.4,16.6
30102007,11.0,12.2
31102007,8.0,18.0
01112007,6.0,16.8
02112007,3.0,17.4
03112007,4.0,18.5
04112007,3.6,18.2
05112007,4.4,15.1
06112007,7.0,16.0
07112007,3.4,16.0
08112007,5.0,19.5
09112007,6.0,16.8
10112007,2.3,15.0
11112007,5.7,17.5
12112007,5.0,16.0
13112007,-0.4,12.2
14112007,3.0,12.1
15112007,1.5,11.7
16112007,-2.1,11.1
17112007,-4.0,9.5
18112007,-3.2,9.0
19112007,-0.8,6.3
20112007,3.9,9.4
21112007,4.4,6.6
22112007,5.0,8.0
23112007,5.6,9.0
24112007,7.6,12.0
25112007,9.0,13.3
26112007,5.0,15.1
27112007,4.8,12.4
28112007,5.2,10.8
29112007,3.7,10.8
30112007,1.0,10.2
01122007,2.0,9.0
02122007,6.3,10.2
03122007,6.0,10.0
04122007,2.7,15.2
05122007,1.3,12.9
06122007,3.2,12.0
07122007,2.5,8.0
08122007,3.0,10.1
09122007,2.0,7.0
10122007,1.0,6.0
11122007,-0.6,6.0
12122007,-1.0,11.1
13122007,-1.3,11.1
14122007,-1.6,8.2
15122007,-2.0,4.1
16122007,-3.9,8.0
17122007,-3.3,4.6
18122007,-5.9,4.4
19122007,-5.5,5.3
20122007,-5.4,7.1
21122007,-5.0,9.7
22122007,-4.7,8.0
23122007,2.0,5.0
24122007,0.2,4.2
25122007,-0.4,6.0
26122007,-0.4,7.2
27122007,-3.0,7.0
28122007,-4.0,3.6
29122007,-5.3,6.2
30122007,-3.4,6.0
31122007,-5.1,10.0
01012008,-6.7,5.3
02012008,0.2,2.5
03012008,-0.3,2.0
04012008,-0.4,2.3
05012008,1.2,6.0
06012008,-0.2,6.0
07012008,-0.2,4.2
08012008,2.0,7.2
09012008,1.3,5.5
10012008,2.0,8.0
11012008,3.8,5.4
12012008,3.7,6.6
13012008,3.4,7.7
14012008,3.0,8.3
15012008,6.0,8.0
16012008,5.0,7.0
17012008,4.0,12.6
18012008,2.0,12.0
19012008,-0.2,11.0
20012008,0.7,5.0
21012008,2.6,8.1
22012008,3.1,15.2
23012008,0.6,11.6
24012008,-1.8,11.1
25012008,-1.6,10.0
26012008,-1.5,12.0
27012008,1.0,17.0
28012008,5.0,17.0
29012008,1.0,11.2
30012008,5.9,9.3
31012008,4.7,9.6
01022008,3.4,7.0
02022008,4.0,8.2
03022008,3.6,7.2
04022008,4.0,6.6
05022008,1.0,13.9
06022008,-0.4,13.4
07022008,1.5,16.0
08022008,0.6,12.0
09022008,-1.0,10.0
10022008,0.4,10.9
11022008,-2.9,11.1
12022008,-2.0,10.0
13022008,-2.9,11.3
14022008,-3.0,13.2
15022008,-1.0,14.0
16022008,1.0,8.1
17022008,-3.0,3.4
18022008,-5.1,9.2
19022008,-2.5,13.1
20022008,4.7,11.4
21022008,0.8,13.3
22022008,1.0,13.5
23022008,-0.4,15.5
24022008,4.6,15.1
25022008,1.0,15.0
26022008,5.0,11.6
27022008,7.0,15.3
28022008,6.0,13.3
29022008,5.6,13.7
01032008,8.3,16.7
02032008,8.9,25.0
03032008,9.9,20.0
04032008,4.9,19.2
05032008,3.0,12.4
06032008,-2.3,12.0
07032008,2.9,11.7
08032008,6.0,12.0
09032008,6.9,10.0
10032008,7.7,11.0
11032008,7.0,16.4
12032008,3.0,20.1
13032008,4.8,22.1
14032008,7.1,20.0
15032008,6.0,18.0
16032008,9.0,17.1
17032008,3.7,20.2
18032008,7.0,20.5
19032008,5.4,13.1
20032008,1.7,16.4
21032008,2.1,13.3
22032008,1.4,17.0
23032008,3.0,9.7
24032008,-1.3,14.2
25032008,0.9,14.6
26032008,0.5,16.1
27032008,5.9,14.4
28032008,5.7,17.7
29032008,4.3,21.3
30032008,8.6,19.7
31032008,6.9,20.0
01042008,5.1,23.9
02042008,6.2,21.2
03042008,4.1,20.1
04042008,1.1,20.7
05042008,4.0,20.2
06042008,4.6,17.7
07042008,7.6,19.4
08042008,7.0,13.0
09042008,5.2,13.3
10042008,9.0,11.3
11042008,10.2,13.7
12042008,10.0,17.5
13042008,9.2,17.0
14042008,7.0,14.0
15042008,5.4,16.2
16042008,3.2,19.6
17042008,8.9,15.6
18042008,9.5,14.4
19042008,9.0,19.4
20042008,6.9,21.1
21042008,10.7,13.1
22042008,9.8,17.6
23042008,6.0,25.0
24042008,12.0,20.7
25042008,9.1,24.0
26042008,9.7,21.9
27042008,12.5,21.6
28042008,10.0,21.3
29042008,10.3,16.0
30042008,10.0,19.0
01052008,11.0,22.0
02052008,8.0,23.8
03052008,10.0,25.9
04052008,12.8,24.2
05052008,13.0,20.6
06052008,8.5,24.8
07052008,14.0,24.1
08052008,15.0,26.0
09052008,12.0,26.4
10052008,14.8,26.4
11052008,11.4,23.1
12052008,10.4,24.3
13052008,10.4,26.0
14052008,11.4,28.0
15052008,14.0,24.5
16052008,14.0,23.0
17052008,14.2,19.2
18052008,13.0,18.5
19052008,12.0,21.5
20052008,13.9,21.0
21052008,14.6,23.0
22052008,14.9,20.6
23052008,14.2,24.5
24052008,15.3,20.5
25052008,16.0,22.0
26052008,17.0,25.0
27052008,17.0,27.0
28052008,17.9,28.1
29052008,18.0,22.7
30052008,14.7,24.2
31052008,14.8,25.4
01062008,16.0,25.0
02062008,17.0,24.0
03062008,14.0,27.0
04062008,15.0,22.0
05062008,17.0,21.0
06062008,16.0,25.0
07062008,16.0,25.0
08062008,16.0,25.0
09062008,15.0,26.0
10062008,16.0,28.0
11062008,16.0,28.0
12062008,17.0,26.0
13062008,15.0,26.0
14062008,12.0,20.0
15062008,13.0,16.0
16062008,13.0,16.0
17062008,15.0,19.0
18062008,16.0,26.0
19062008,17.0,29.0
20062008,18.0,31.0
21062008,21.0,32.0
22062008,22.0,33.0
23062008,21.0,33.0
24062008,20.0,33.0
25062008,21.0,33.0
26062008,20.0,33.0
27062008,22.0,33.0
28062008,22.0,31.0
29062008,19.0,33.0
30062008,19.0,32.0
01072008,20.0,30.0
02072008,20.0,31.0
03072008,21.0,29.0
04072008,20.0,31.0
05072008,20.0,30.0
06072008,20.0,29.0
07072008,19.0,29.0
08072008,20.0,30.0
09072008,18.0,29.0
10072008,18.0,30.0
11072008,22.0,31.0
12072008,20.0,31.0
13072008,18.0,29.0
14072008,15.0,26.0
15072008,15.0,29.0
16072008,18.0,30.0
17072008,19.0,28.0
18072008,20.0,23.0
19072008,18.0,29.0
20072008,20.0,27.0
21072008,17.0,28.0
22072008,14.0,27.0
23072008,14.0,28.0
24072008,15.0,30.0
25072008,18.0,31.0
26072008,21.0,32.0
27072008,19.0,30.0
28072008,20.0,32.0
29072008,21.0,32.0
30072008,21.0,34.0
31072008,19.0,30.0
01082008,19.0,32.0
02082008,18.0,31.0
03082008,21.0,31.0
04082008,22.0,31.0
05082008,22.0,33.0
06082008,20.0,30.0
07082008,18.0,29.0
08082008,20.0,31.0
09082008,19.0,30.0
10082008,18.0,30.0
11082008,18.0,30.0
12082008,19.0,27.0
13082008,22.0,29.0
14082008,21.0,30.0
15082008,14.0,25.0
16082008,13.0,27.0
17082008,16.0,28.0
18082008,16.0,29.0
19082008,17.0,29.0
20082008,19.0,31.0
21082008,18.0,31.0
22082008,18.0,30.0
23082008,19.0,30.0
24082008,16.0,27.0
25082008,17.0,28.0
26082008,16.0,29.0
27082008,19.0,30.0
28082008,19.0,31.0
29082008,18.0,31.0
30082008,18.0,32.0
31082008,21.0,29.0
01092008,18.0,29.0
02092008,19.0,28.0
03092008,19.0,28.0
04092008,20.0,29.0
05092008,20.0,28.0
06092008,21.0,32.0
07092008,20.0,29.0
08092008,14.0,29.0
09092008,15.0,30.0
10092008,17.0,31.0
11092008,19.0,29.0
12092008,19.0,25.0
13092008,16.0,20.0
14092008,14.0,17.0
15092008,12.0,18.0
16092008,12.0,27.0
17092008,10.0,23.0
18092008,14.0,23.0
19092008,15.0,23.0
20092008,14.0,21.0
21092008,11.0,20.0
22092008,10.0,21.0
23092008,11.0,19.0
24092008,10.0,21.0
25092008,11.0,22.0
26092008,11.0,21.0
27092008,13.0,16.0
28092008,8.0,21.0
29092008,8.0,21.0
30092008,10.0,17.0
01102008,12.0,22.0
02102008,15.0,18.0
03102008,10.0,21.0
04102008,5.0,19.0
05102008,4.0,20.0
06102008,7.0,22.0
07102008,11.0,19.0
08102008,14.0,23.0
09102008,11.0,24.0
10102008,10.0,24.0
11102008,10.0,24.0
12102008,8.0,24.0
13102008,9.0,23.0
14102008,11.0,24.0
15102008,11.0,24.0
16102008,14.0,21.0
17102008,13.0,25.0
18102008,12.0,15.0
19102008,9.0,21.0
20102008,11.0,21.0
21102008,14.0,20.0
22102008,15.0,19.0
23102008,15.0,20.0
24102008,14.0,20.0
25102008,12.0,21.0
26102008,9.0,18.0
27102008,10.0,15.0
28102008,13.0,17.0
29102008,14.0,16.0
30102008,10.0,16.0
31102008,9.0,11.0
01112008,10.0,17.0
02112008,9.0,18.0
03112008,11.0,14.0
04112008,11.0,16.0
05112008,12.0,17.0
06112008,11.0,16.0
07112008,10.0,16.0
08112008,8.0,17.0
09112008,9.0,18.0
10112008,7.0,15.0
11112008,12.0,15.0
12112008,11.0,12.0
13112008,10.0,12.0
14112008,1.0,15.0
15112008,5.0,16.0
16112008,3.0,15.0
17112008,4.0,15.0
18112008,6.0,10.0
19112008,3.0,12.0
20112008,2.0,14.0
21112008,5.0,15.0
22112008,4.0,12.0
23112008,1.0,11.0
24112008,1.0,4.0
25112008,0.0,8.0
26112008,-2.0,11.0
27112008,-2.0,8.0
28112008,1.0,3.0
29112008,2.0,6.0
30112008,2.0,7.0
01122008,2.0,6.0
02122008,2.0,6.0
03122008,2.0,7.0
04122008,1.0,7.0
05122008,2.0,5.0
06122008,-1.0,4.0
07122008,-3.0,9.0
08122008,-4.0,9.0
10122008,0.0,2.0
11122008,1.0,4.0
12122008,2.0,6.0
13122008,5.0,6.0
14122008,6.0,9.0
15122008,8.0,10.0
16122008,7.0,9.0
17122008,4.0,9.0
18122008,2.0,10.0
19122008,2.0,11.0
20122008,1.0,10.0
21122008,-1.0,9.0
22122008,-2.0,4.0
23122008,1.0,5.0
24122008,-1.0,3.0
25122008,0.0,7.0
26122008,-3.0,6.0
27122008,-5.0,3.0
28122008,-5.0,2.0
29122008,0.0,3.0
30122008,-2.0,4.0
03012009,-3.0,3.0
04012009,-4.0,-1.0
07012009,0.0,2.0
08012009,1.0,4.0
10012009,-8.0,1.0
11012009,-9.0,3.0
12012009,-8.0,5.0
13012009,-9.0,5.0
14012009,-2.0,4.0
15012009,1.0,4.0
17012009,-3.0,2.0
18012009,0.0,2.0
19012009,1.0,2.0
20012009,1.0,2.0
21012009,1.0,5.0
22012009,-1.0,7.0
23012009,-2.0,3.0
24012009,-2.0,3.0
25012009,0.0,8.0
26012009,2.0,8.0
27012009,2.0,8.0
28012009,0.0,7.0
29012009,-3.0,10.0
30012009,-2.0,7.0
31012009,-1.0,4.0
01022009,0.0,3.0
02022009,0.0,2.0
03022009,1.0,5.0
04022009,1.0,8.0
05022009,5.0,9.0
06022009,5.0,9.0
07022009,6.0,9.0
08022009,4.0,12.0
09022009,-1.0,13.0
10022009,4.0,7.0
11022009,4.0,12.0
12022009,-1.0,9.0
13022009,0.0,8.0
14022009,-5.0,7.0
15022009,-5.0,7.0
16022009,-2.0,10.0
17022009,-2.0,13.0
18022009,-1.0,8.0
20022009,-5.0,8.0
21022009,0.0,12.0
22022009,-2.0,11.0
23022009,-2.0,8.0
24022009,-2.0,8.0
25022009,1.0,11.0
26022009,-1.0,13.0
27022009,-1.0,15.0
28022009,1.0,16.0
01032009,7.0,11.0
02032009,7.0,11.0
03032009,4.0,12.0
04032009,7.0,9.0
05032009,5.0,8.0
06032009,5.0,10.0
07032009,1.0,16.0
08032009,0.0,15.0
09032009,2.0,10.0
10032009,1.0,14.0
11032009,0.0,17.0
12032009,0.0,15.0
13032009,6.0,19.0
14032009,7.0,15.0
15032009,1.0,19.0
16032009,5.0,17.0
17032009,3.0,17.0
18032009,4.0,18.0
19032009,5.0,17.0
20032009,4.0,11.0
22032009,-1.0,13.0
23032009,2.0,20.0
24032009,7.0,14.0
25032009,3.0,16.0
26032009,3.0,19.0
27032009,4.0,17.0
28032009,10.0,13.0
29032009,9.0,11.0
30032009,8.0,16.0
31032009,10.0,17.0
01042009,9.0,15.0
02042009,11.0,13.0
03042009,10.0,20.0
04042009,8.0,18.0
05042009,12.0,21.0
06042009,7.0,23.0
07042009,9.0,23.0
08042009,10.0,21.0
09042009,7.0,23.0
10042009,12.0,19.0
11042009,12.0,20.0
12042009,13.0,21.0
13042009,8.0,24.0
14042009,10.0,24.0
15042009,9.0,24.0
16042009,10.0,15.0
17042009,8.0,20.0
18042009,9.0,19.0
19042009,11.0,15.0
20042009,11.0,16.0
21042009,10.0,20.0
22042009,11.0,25.0
23042009,10.0,22.0
24042009,10.0,17.0
25042009,8.0,21.0
26042009,11.0,14.0
27042009,11.0,15.0
28042009,11.0,13.0
29042009,7.0,18.0
30042009,9.0,19.0
01052009,6.0,23.0
02052009,8.0,25.0
03052009,10.0,23.0
04052009,11.0,23.0
05052009,12.0,20.0
06052009,8.0,24.0
07052009,8.0,26.0
08052009,12.0,24.0
09052009,14.0,25.0
10052009,13.0,24.0
11052009,12.0,25.0
12052009,15.0,26.0
13052009,16.0,26.0
14052009,13.0,25.0
15052009,14.0,19.0
16052009,15.0,24.0
17052009,15.0,27.0
18052009,15.0,29.0
19052009,14.0,29.0
20052009,15.0,30.0
21052009,16.0,31.0
22052009,16.0,31.0
23052009,17.0,32.0
24052009,19.0,35.0
25052009,22.0,35.0
26052009,18.0,34.0
27052009,16.0,27.0
28052009,14.0,29.0
29052009,14.0,29.0
30052009,11.0,23.0
31052009,11.0,23.0
01062009,13.0,25.0
02062009,15.0,29.0
03062009,14.0,30.0
04062009,18.0,30.0
05062009,18.0,27.0
06062009,17.0,29.0
07062009,15.0,28.0
08062009,18.0,27.0
09062009,17.0,26.0
10062009,16.0,27.0
11062009,18.0,30.0
12062009,17.0,31.0
13062009,16.0,32.0
14062009,17.0,34.0
15062009,23.0,33.0
16062009,21.0,33.0
17062009,22.0,27.0
18062009,17.0,31.0
19062009,22.0,33.0
20062009,19.0,26.0
21062009,15.0,25.0
22062009,13.0,26.0
23062009,16.0,28.0
24062009,16.0,29.0
25062009,17.0,39.0
26062009,18.0,28.0
27062009,20.0,29.0
28062009,19.0,31.0
29062009,20.0,31.0
30062009,21.0,32.0
01072009,21.0,32.0
02072009,19.0,32.0
03072009,20.0,33.0
04072009,21.0,33.0
05072009,20.0,32.0
06072009,19.0,30.0
07072009,17.0,26.0
08072009,17.0,29.0
09072009,17.0,29.0
10072009,17.0,27.0
11072009,18.0,28.0
12072009,19.0,29.0
13072009,20.0,31.0
14072009,23.0,32.0
15072009,22.0,32.0
16072009,21.0,34.0
17072009,24.0,32.0
18072009,14.0,28.0
19072009,13.0,29.0
20072009,16.0,29.0
21072009,19.0,30.0
22072009,21.0,31.0
23072009,19.0,32.0
24072009,20.0,33.0
25072009,18.0,32.0
26072009,19.0,30.0
27072009,20.0,32.0
28072009,22.0,33.0
29072009,23.0,32.0
30072009,22.0,34.0
31072009,25.0,32.0
01082009,23.0,33.0
02082009,23.0,31.0
03082009,19.0,26.0
04082009,17.0,30.0
05082009,18.0,32.0
06082009,19.0,32.0
07082009,23.0,32.0
08082009,24.0,28.0
09082009,22.0,31.0
10082009,18.0,30.0
11082009,18.0,32.0
12082009,21.0,32.0
13082009,22.0,33.0
14082009,20.0,31.0
15082009,22.0,32.0
16082009,22.0,33.0
17082009,21.0,34.0
18082009,22.0,36.0
19082009,22.0,35.0
20082009,22.0,35.0
21082009,21.0,34.0
22082009,20.0,33.0
23082009,23.0,31.0
24082009,21.0,31.0
25082009,21.0,31.0
26082009,21.0,32.0
27082009,19.0,32.0
28082009,20.0,33.0
29082009,22.0,33.0
30082009,18.0,25.0
31082009,15.0,29.0
01092009,17.0,32.0
02092009,20.0,32.0
03092009,23.0,30.0
04092009,20.0,32.0
05092009,18.0,29.0
06092009,13.0,27.0
07092009,13.0,26.0
08092009,14.0,27.0
09092009,19.0,27.0
10092009,15.0,29.0
11092009,18.0,30.0
12092009,17.0,28.0
13092009,14.0,29.0
14092009,15.0,21.0
15092009,15.0,19.0
16092009,16.0,19.0
17092009,17.0,25.0
18092009,15.0,27.0
19092009,16.0,27.0
20092009,14.0,27.0
21092009,16.0,26.0
22092009,14.0,28.0
23092009,15.0,28.0
24092009,15.0,28.0
25092009,17.0,27.0
26092009,18.0,24.0
27092009,14.0,26.0
28092009,13.0,27.0
29092009,13.0,28.0
30092009,14.0,27.0
01102009,16.0,27.0
02102009,14.0,30.0
03102009,13.0,24.0
04102009,11.0,24.0
05102009,14.0,22.0
06102009,16.0,21.0
07102009,18.0,25.0
08102009,19.0,26.0
09102009,17.0,21.0
10102009,16.0,24.0
11102009,11.0,22.0
12102009,12.0,20.0
13102009,13.0,21.0
14102009,8.0,17.0
15102009,4.0,14.0
16102009,2.0,15.0
17102009,2.0,14.0
18102009,2.0,16.0
19102009,2.0,15.0
21102009,7.0,11.0
22102009,7.0,16.0
23102009,9.0,14.0
24102009,7.0,20.0
25102009,9.0,22.0
26102009,6.0,21.0
27102009,7.0,19.0
28102009,6.0,18.0
29102009,8.0,16.0
30102009,6.0,17.0
31102009,6.0,14.0
01112009,5.0,14.0
02112009,8.0,11.0
03112009,3.0,15.0
04112009,5.0,11.0
05112009,3.0,11.0
06112009,5.0,11.0
07112009,3.0,12.0
08112009,7.0,9.0
09112009,8.0,12.0
10112009,4.0,15.0
11112009,1.0,15.0
12112009,0.0,14.0
13112009,5.0,10.0
14112009,8.0,11.0
15112009,9.0,11.0
16112009,10.0,12.0
17112009,10.0,14.0
18112009,11.0,14.0
19112009,11.0,13.0
20112009,6.0,13.0
21112009,5.0,11.0
22112009,9.0,10.0
23112009,8.0,11.0
24112009,7.0,11.0
25112009,7.0,9.0
26112009,8.0,9.0
27112009,8.0,11.0
28112009,8.0,13.0
29112009,8.0,10.0
30112009,9.0,12.0
01122009,4.0,13.0
02122009,0.0,12.0
03122009,-1.0,6.0
04122009,4.0,5.0
05122009,3.0,12.0
06122009,1.0,7.0
07122009,5.0,7.0
08122009,4.0,10.0
09122009,2.0,12.0
10122009,1.0,11.0
11122009,-1.0,9.0
12122009,0.0,9.0
15122009,-2.0,6.0
17122009,-2.0,3.0
18122009,-2.0,1.0
19122009,-5.0,-1.0
20122009,-7.0,-3.0
21122009,-5.0,-2.0
22122009,-3.0,1.0
23122009,1.0,5.0
24122009,2.0,4.0
25122009,2.0,8.0
26122009,-1.0,6.0
27122009,-1.0,8.0
28122009,-2.0,4.0
29122009,-1.0,5.0
30122009,3.0,5.0
31122009,4.0,5.0
01012010,3.0,7.0
02012010,1.0,10.0
04012010,-1.0,3.0
05012010,1.0,3.0
06012010,1.0,8.0
07012010,-1.0,7.0
08012010,2.0,5.0
09012010,3.0,6.0
10012010,2.0,10.0
11012010,-1.0,5.0
12012010,0.0,5.0
13012010,3.0,5.0
14012010,3.0,5.0
15012010,1.0,8.0
16012010,0.0,4.0
17012010,2.0,6.0
18012010,0.0,6.0
22012010,-1.0,2.0
23012010,0.0,3.0
24012010,-1.0,2.0
25012010,1.0,3.0
26012010,0.0,5.0
27012010,-2.0,6.0
28012010,-2.0,8.0
29012010,-2.0,5.0
30012010,-1.0,4.0
31012010,-2.0,7.0
01022010,-5.0,7.0
03022010,0.0,8.0
04022010,2.0,6.0
05022010,0.0,3.0
06022010,1.0,6.0
07022010,-1.0,5.0
08022010,-1.0,2.0
09022010,0.0,3.0
10022010,0.0,5.0
11022010,1.0,4.0
12022010,2.0,10.0
13022010,-1.0,11.0
14022010,2.0,7.0
15022010,0.0,4.0
16022010,3.0,5.0
17022010,4.0,6.0
18022010,7.0,11.0
19022010,6.0,8.0
20022010,4.0,14.0
21022010,1.0,9.0
22022010,4.0,6.0
23022010,5.0,9.0
24022010,5.0,12.0
25022010,3.0,14.0
26022010,8.0,13.0
27022010,2.0,14.0
28022010,6.0,10.0
01032010,2.0,13.0
02032010,3.0,18.0
03032010,4.0,10.0
05032010,3.0,9.0
06032010,-3.0,10.0
07032010,1.0,6.0
08032010,0.0,5.0
09032010,-1.0,4.0
10032010,0.0,2.0
11032010,0.0,6.0
12032010,0.0,9.0
13032010,-1.0,12.0
14032010,0.0,14.0
15032010,2.0,16.0
16032010,3.0,18.0
17032010,2.0,15.0
18032010,8.0,16.0
19032010,7.0,16.0
20032010,10.0,13.0
21032010,10.0,12.0
22032010,11.0,12.0
23032010,10.0,18.0
24032010,10.0,19.0
25032010,11.0,17.0
26032010,12.0,17.0
27032010,5.0,18.0
28032010,6.0,20.0
29032010,8.0,17.0
30032010,8.0,14.0
31032010,5.0,18.0
01042010,5.0,12.0
02042010,1.0,15.0
03042010,6.0,11.0
04042010,7.0,10.0
05042010,4.0,19.0
06042010,3.0,19.0
07042010,6.0,18.0
08042010,9.0,19.0
09042010,7.0,22.0
10042010,8.0,24.0
11042010,7.0,17.0
12042010,8.0,16.0
13042010,7.0,16.0
14042010,4.0,18.0
15042010,9.0,18.0
16042010,6.0,19.0
17042010,10.0,17.0
18042010,8.0,15.0
19042010,6.0,22.0
20042010,8.0,24.0
21042010,12.0,24.0
22042010,13.0,20.0
23042010,13.0,16.0
24042010,12.0,20.0
25042010,11.0,24.0
26042010,16.0,26.0
27042010,14.0,21.0
28042010,12.0,25.0
29042010,14.0,26.0
30042010,16.0,24.0
01052010,15.0,22.0
02052010,15.0,18.0
03052010,12.0,21.0
04052010,13.0,16.0
05052010,11.0,17.0
06052010,8.0,19.0
07052010,9.0,16.0
08052010,11.0,19.0
09052010,12.0,20.0
10052010,12.0,17.0
11052010,14.0,19.0
12052010,13.0,19.0
13052010,12.0,21.0
14052010,11.0,18.0
15052010,11.0,18.0
16052010,12.0,23.0
17052010,11.0,23.0
18052010,10.0,23.0
19052010,12.0,22.0
20052010,12.0,24.0
21052010,13.0,27.0
22052010,13.0,27.0
23052010,17.0,28.0
24052010,0.0,28.0
25052010,19.0,28.0
26052010,17.0,26.0
27052010,15.0,23.0
28052010,14.0,23.0
29052010,16.0,25.0
30052010,17.0,25.0
31052010,16.0,25.0
01062010,14.0,26.0
02062010,19.0,27.0
03062010,17.0,25.0
04062010,16.0,29.0
05062010,19.0,30.0
06062010,19.0,30.0
07062010,21.0,26.0
08062010,21.0,27.0
09062010,18.0,29.0
10062010,21.0,29.0
11062010,20.0,30.0
12062010,21.0,29.0
13062010,21.0,28.0
14062010,19.0,27.0
15062010,18.0,24.0
16062010,17.0,21.0
17062010,16.0,22.0
18062010,14.0,25.0
19062010,16.0,24.0
20062010,13.0,16.0
21062010,13.0,25.0
22062010,15.0,25.0
23062010,16.0,27.0
24062010,17.0,28.0
25062010,19.0,28.0
26062010,18.0,30.0
27062010,20.0,30.0
28062010,21.0,31.0
29062010,23.0,31.0
30062010,21.0,31.0
01072010,22.0,33.0
02072010,22.0,32.0
03072010,24.0,33.0
04072010,22.0,33.0
05072010,22.0,32.0
06072010,23.0,31.0
07072010,20.0,30.0
08072010,22.0,29.0
09072010,22.0,31.0
10072010,23.0,33.0
11072010,22.0,33.0
12072010,21.0,33.0
13072010,23.0,32.0
14072010,24.0,33.0
15072010,24.0,33.0
16072010,23.0,34.0
17072010,23.0,34.0
18072010,22.0,31.0
19072010,22.0,30.0
20072010,23.0,31.0
21072010,20.0,33.0
22072010,24.0,33.0
23072010,20.0,31.0
24072010,19.0,31.0
25072010,18.0,29.0
26072010,18.0,28.0
27072010,19.0,28.0
28072010,18.0,30.0
29072010,18.0,25.0
30072010,15.0,27.0
31072010,16.0,28.0
01082010,18.0,30.0
02082010,20.0,30.0
03082010,20.0,31.0
04082010,19.0,28.0
05082010,16.0,23.0
06082010,16.0,29.0
07082010,17.0,28.0
08082010,17.0,28.0
09082010,19.0,29.0
10082010,19.0,30.0
11082010,21.0,29.0
12082010,18.0,25.0
13082010,18.0,25.0
14082010,17.0,20.0
15082010,16.0,25.0
16082010,13.0,24.0
17082010,14.0,27.0
18082010,19.0,27.0
19082010,19.0,29.0
20082010,20.0,27.0
21082010,20.0,31.0
22082010,20.0,32.0
23082010,21.0,31.0
24082010,22.0,30.0
25082010,21.0,30.0
26082010,20.0,31.0
27082010,23.0,28.0
28082010,21.0,32.0
29082010,18.0,25.0
30082010,14.0,26.0
31082010,14.0,26.0
01092010,11.0,25.0
02092010,12.0,25.0
03092010,15.0,26.0
04092010,17.0,27.0
05092010,18.0,26.0
06092010,16.0,23.0
07092010,15.0,19.0
08092010,15.0,22.0
09092010,13.0,24.0
10092010,14.0,26.0
11092010,12.0,26.0
12092010,13.0,26.0
13092010,17.0,24.0
14092010,13.0,26.0
15092010,14.0,27.0
16092010,17.0,26.0
17092010,19.0,24.0
18092010,15.0,21.0
19092010,14.0,22.0
20092010,14.0,24.0
21092010,15.0,24.0
22092010,12.0,26.0
23092010,13.0,24.0
24092010,14.0,22.0
25092010,12.0,19.0
26092010,8.0,22.0
27092010,12.0,18.0
28092010,12.0,19.0
29092010,8.0,22.0
30092010,10.0,21.0
01102010,15.0,18.0
02102010,14.0,20.0
04102010,16.0,18.0
05102010,16.0,20.0
06102010,12.0,23.0
07102010,13.0,21.0
08102010,15.0,17.0
09102010,13.0,16.0
10102010,9.0,17.0
11102010,10.0,18.0
12102010,8.0,19.0
13102010,9.0,16.0
14102010,8.0,19.0
15102010,7.0,18.0
16102010,9.0,14.0
17102010,8.0,10.0
18102010,7.0,16.0
19102010,4.0,18.0
20102010,6.0,19.0
21102010,3.0,16.0
22102010,5.0,14.0
23102010,10.0,12.0
24102010,10.0,11.0
25102010,8.0,11.0
26102010,6.0,13.0
27102010,4.0,13.0
28102010,2.0,13.0
29102010,3.0,16.0
30102010,4.0,13.0
31102010,10.0,14.0
01112010,10.0,14.0
02112010,11.0,14.0
03112010,7.0,18.0
04112010,8.0,15.0
05112010,9.0,16.0
06112010,11.0,15.0
07112010,11.0,12.0
08112010,8.0,14.0
09112010,7.0,9.0
10112010,7.0,11.0
11112010,5.0,9.0
12112010,4.0,12.0
13112010,9.0,12.0
14112010,10.0,11.0
15112010,10.0,12.0
16112010,10.0,12.0
17112010,7.0,15.0
18112010,5.0,10.0
19112010,8.0,13.0
20112010,7.0,9.0
21112010,7.0,8.0
22112010,7.0,10.0
23112010,4.0,7.0
24112010,1.0,10.0
25112010,1.0,9.0
26112010,0.0,4.0
27112010,-3.0,4.0
28112010,1.0,4.0
29112010,0.0,9.0
30112010,0.0,6.0
01122010,0.0,3.0
02122010,0.0,2.0
03122010,1.0,5.0
04122010,-1.0,6.0
06122010,0.0,1.0
07122010,1.0,3.0
08122010,3.0,6.0
09122010,4.0,13.0
10122010,1.0,10.0
11122010,-2.0,11.0
12122010,-1.0,6.0
13122010,-3.0,11.0
14122010,-5.0,1.0
15122010,-5.0,-2.0
16122010,-7.0,-1.0
17122010,-6.0,-2.0
18122010,-6.0,1.0
20122010,-1.0,2.0
21122010,0.0,2.0
22122010,1.0,3.0
23122010,2.0,5.0
24122010,4.0,8.0
25122010,6.0,7.0
26122010,0.0,6.0
28122010,-4.0,-1.0
29122010,-4.0,3.0
30122010,1.0,4.0
31122010,-1.0,6.0
01012011,-1.0,6.0
02012011,-4.0,4.0
03012011,-2.0,5.0
05012011,0.0,2.0
06012011,0.0,2.0
07012011,1.0,2.0
08012011,2.0,4.0
09012011,3.0,5.0
10012011,4.0,5.0
11012011,4.0,8.0
12012011,0.0,7.0
13012011,1.0,8.0
14012011,2.0,4.0
15012011,3.0,4.0
16012011,1.0,4.0
17012011,0.0,3.0
18012011,-1.0,2.0
19012011,0.0,2.0
20012011,1.0,5.0
21012011,-2.0,6.0
22012011,-2.0,5.0
24012011,-3.0,6.0
26012011,-3.0,6.0
27012011,2.0,6.0
28012011,1.0,6.0
29012011,2.0,4.0
30012011,0.0,4.0
31012011,-1.0,7.0
01022011,-2.0,3.0
02022011,-1.0,4.0
03022011,-3.0,9.0
04022011,-3.0,11.0
05022011,-1.0,14.0
06022011,-2.0,15.0
07022011,-1.0,15.0
08022011,0.0,14.0
09022011,1.0,12.0
10022011,-1.0,12.0
11022011,1.0,13.0
12022011,2.0,14.0
13022011,7.0,8.0
14022011,6.0,9.0
15022011,7.0,8.0
16022011,5.0,7.0
17022011,5.0,10.0
18022011,5.0,13.0
19022011,1.0,14.0
20022011,6.0,8.0
21022011,5.0,9.0
22022011,3.0,6.0
23022011,0.0,8.0
24022011,0.0,9.0
25022011,0.0,8.0
26022011,-2.0,8.0
27022011,1.0,5.0
28022011,2.0,8.0
01032011,4.0,11.0
02032011,2.0,7.0
03032011,2.0,4.0
04032011,3.0,9.0
05032011,3.0,12.0
06032011,0.0,16.0
07032011,2.0,8.0
08032011,0.0,8.0
09032011,-2.0,11.0
10032011,1.0,14.0
11032011,4.0,14.0
12032011,8.0,12.0
13032011,7.0,9.0
14032011,7.0,14.0
15032011,10.0,12.0
16032011,10.0,12.0
17032011,9.0,11.0
18032011,6.0,20.0
19032011,9.0,17.0
20032011,9.0,15.0
21032011,6.0,12.0
22032011,5.0,15.0
23032011,5.0,18.0
24032011,5.0,21.0
25032011,6.0,20.0
26032011,9.0,18.0
27032011,9.0,13.0
28032011,10.0,15.0
29032011,9.0,18.0
30032011,8.0,19.0
31032011,8.0,21.0
01042011,9.0,23.0
02042011,12.0,23.0
03042011,10.0,24.0
04042011,13.0,23.0
05042011,12.0,20.0
06042011,10.0,23.0
07042011,12.0,28.0
08042011,15.0,29.0
09042011,12.0,32.0
10042011,15.0,25.0
11042011,14.0,25.0
12042011,12.0,27.0
13042011,11.0,19.0
14042011,9.0,15.0
15042011,7.0,16.0
16042011,9.0,18.0
17042011,11.0,19.0
18042011,8.0,20.0
19042011,7.0,22.0
20042011,10.0,23.0
21042011,10.0,24.0
22042011,10.0,23.0
23042011,14.0,19.0
24042011,12.0,24.0
25042011,15.0,22.0
26042011,14.0,23.0
27042011,13.0,22.0
28042011,14.0,20.0
29042011,12.0,20.0
30042011,12.0,20.0
01052011,11.0,23.0
02052011,13.0,23.0
03052011,15.0,24.0
04052011,14.0,21.0
05052011,12.0,21.0
06052011,11.0,22.0
07052011,11.0,24.0
08052011,12.0,28.0
09052011,14.0,22.0
10052011,11.0,24.0
11052011,13.0,28.0
12052011,16.0,28.0
13052011,15.0,28.0
14052011,17.0,25.0
15052011,13.0,19.0
16052011,10.0,25.0
17052011,12.0,24.0
18052011,17.0,25.0
19052011,15.0,27.0
20052011,15.0,29.0
21052011,15.0,29.0
22052011,18.0,29.0
23052011,16.0,30.0
24052011,19.0,31.0
25052011,20.0,31.0
26052011,21.0,30.0
27052011,14.0,25.0
28052011,12.0,24.0
29052011,15.0,25.0
30052011,16.0,27.0
31052011,18.0,24.0
01062011,16.0,20.0
02062011,14.0,24.0
03062011,17.0,26.0
04062011,17.0,23.0
05062011,16.0,21.0
06062011,15.0,23.0
07062011,16.0,19.0
08062011,16.0,22.0
09062011,16.0,24.0
10062011,16.0,23.0
11062011,16.0,24.0
12062011,16.0,25.0
13062011,18.0,23.0
14062011,16.0,26.0
15062011,18.0,28.0
16062011,19.0,29.0
17062011,19.0,26.0
18062011,18.0,27.0
19062011,15.0,28.0
20062011,16.0,26.0
21062011,18.0,29.0
22062011,21.0,28.0
23062011,20.0,26.0
24062011,18.0,28.0
25062011,18.0,27.0
26062011,18.0,31.0
27062011,19.0,31.0
28062011,21.0,33.0
29062011,20.0,32.0
30062011,19.0,31.0
01072011,19.0,28.0
02072011,18.0,25.0
03072011,15.0,27.0
04072011,19.0,28.0
05072011,23.0,29.0
06072011,21.0,30.0
07072011,21.0,29.0
08072011,19.0,30.0
09072011,19.0,31.0
10072011,21.0,32.0
11072011,20.0,31.0
12072011,22.0,32.0
13072011,22.0,29.0
14072011,20.0,30.0
15072011,19.0,29.0
16072011,20.0,28.0
17072011,19.0,29.0
18072011,17.0,27.0
19072011,16.0,25.0
20072011,15.0,28.0
21072011,14.0,27.0
22072011,16.0,28.0
23072011,18.0,25.0
24072011,15.0,26.0
25072011,15.0,25.0
26072011,16.0,25.0
27072011,18.0,25.0
28072011,16.0,27.0
29072011,17.0,29.0
30072011,18.0,29.0
31072011,17.0,28.0
01082011,20.0,30.0
02082011,20.0,30.0
03082011,20.0,31.0
04082011,18.0,31.0
05082011,21.0,30.0
06082011,20.0,28.0
07082011,20.0,28.0
08082011,20.0,29.0
09082011,17.0,27.0
10082011,15.0,27.0
11082011,15.0,28.0
12082011,16.0,28.0
13082011,16.0,30.0
14082011,18.0,31.0
15082011,21.0,30.0
16082011,20.0,31.0
17082011,23.0,32.0
18082011,22.0,34.0
19082011,22.0,34.0
20082011,22.0,34.0
21082011,23.0,36.0
22082011,23.0,36.0
23082011,23.0,36.0
24082011,22.0,35.0
25082011,21.0,35.0
26082011,20.0,34.0
27082011,23.0,30.0
28082011,14.0,29.0
29082011,16.0,30.0
30082011,16.0,30.0
31082011,19.0,30.0
01092011,18.0,28.0
02092011,20.0,30.0
03092011,21.0,31.0
04092011,20.0,24.0
05092011,19.0,28.0
06092011,19.0,26.0
07092011,17.0,26.0
08092011,17.0,29.0
09092011,18.0,29.0
10092011,20.0,30.0
11092011,19.0,30.0
12092011,19.0,29.0
13092011,19.0,30.0
15092011,18.0,30.0
16092011,19.0,29.0
17092011,19.0,29.0
18092011,16.0,22.0
19092011,13.0,22.0
20092011,10.0,25.0
21092011,11.0,27.0
22092011,14.0,28.0
23092011,14.0,26.0
24092011,15.0,27.0
25092011,17.0,26.0
26092011,15.0,27.0
27092011,15.0,27.0
28092011,16.0,26.0
29092011,15.0,26.0
30092011,14.0,27.0
01102011,14.0,28.0
02102011,14.0,27.0
03102011,15.0,28.0
04102011,15.0,28.0
05102011,14.0,27.0
06102011,15.0,25.0
07102011,15.0,23.0
08102011,12.0,21.0
09102011,7.0,21.0
10102011,9.0,21.0
11102011,9.0,27.0
12102011,10.0,28.0
13102011,12.0,24.0
14102011,12.0,18.0
15102011,8.0,15.0
16102011,4.0,17.0
17102011,8.0,16.0
18102011,5.0,17.0
19102011,11.0,13.0
20102011,9.0,17.0
21102011,7.0,15.0
22102011,6.0,14.0
23102011,4.0,14.0
24102011,5.0,12.0
25102011,8.0,10.0
26102011,8.0,13.0
27102011,10.0,17.0
28102011,7.0,18.0
29102011,8.0,15.0
30102011,7.0,14.0
31102011,8.0,16.0
01112011,6.0,15.0
02112011,7.0,14.0
03112011,12.0,14.0
04112011,12.0,15.0
05112011,14.0,16.0
06112011,13.0,16.0
07112011,12.0,15.0
08112011,12.0,15.0
09112011,11.0,18.0
10112011,9.0,14.0
11112011,8.0,13.0
12112011,5.0,12.0
13112011,3.0,14.0
14112011,2.0,8.0
15112011,2.0,6.0
16112011,3.0,8.0
17112011,1.0,5.0
18112011,1.0,6.0
19112011,1.0,7.0
20112011,1.0,6.0
21112011,2.0,7.0
22112011,4.0,9.0
23112011,2.0,13.0
24112011,1.0,12.0
25112011,0.0,11.0
26112011,-1.0,9.0
27112011,-1.0,10.0
28112011,2.0,9.0
29112011,-1.0,10.0
30112011,0.0,8.0
01122011,1.0,7.0
02122011,7.0,8.0
03122011,7.0,9.0
04122011,3.0,10.0
05122011,5.0,12.0
06122011,0.0,10.0
07122011,0.0,11.0
08122011,2.0,15.0
09122011,3.0,7.0
10122011,4.0,10.0
11122011,1.0,9.0
12122011,4.0,7.0
13122011,3.0,8.0
15122011,1.0,5.0
16122011,0.0,6.0
17122011,3.0,10.0
18122011,-2.0,7.0
19122011,-4.0,8.0
22122011,-3.0,7.0
23122011,-3.0,7.0
24122011,-1.0,7.0
25122011,-4.0,9.0
26122011,-3.0,9.0
27122011,-2.0,9.0
28122011,-2.0,10.0
29122011,-1.0,6.0
30122011,-3.0,11.0
31122011,-3.0,10.0
01012012,-2.0,7.0
02012012,3.0,5.0
03012012,1.0,4.0
04012012,0.0,8.0
05012012,-2.0,10.0
06012012,6.0,11.0
07012012,0.0,10.0
08012012,0.0,15.0
09012012,-1.0,11.0
10012012,-2.0,13.0
11012012,-1.0,10.0
12012012,-1.0,9.0
13012012,-1.0,10.0
14012012,-3.0,2.0
15012012,-4.0,-1.0
16012012,-4.0,1.0
17012012,-4.0,1.0
18012012,-4.0,-1.0
19012012,-3.0,2.0
20012012,-3.0,15.0
21012012,0.0,8.0
22012012,-1.0,14.0
23012012,0.0,8.0
24012012,-2.0,13.0
25012012,-1.0,10.0
26012012,-3.0,6.0
27012012,2.0,6.0
28012012,3.0,4.0
29012012,1.0,5.0
30012012,-1.0,4.0
01022012,-4.0,-1.0
03022012,-7.0,-2.0
04022012,-9.0,-1.0
05022012,-8.0,-1.0
06022012,-12.0,-3.0
07022012,-10.0,-1.0
08022012,-4.0,4.0
09022012,-7.0,2.0
11022012,-6.0,-1.0
13022012,-9.0,1.0
14022012,-7.0,5.0
15022012,-5.0,9.0
16022012,-1.0,8.0
17022012,-1.0,10.0
18022012,0.0,8.0
19022012,3.0,8.0
20022012,2.0,5.0
21022012,2.0,10.0
22022012,-1.0,12.0
23022012,0.0,14.0
24022012,2.0,18.0
25022012,8.0,20.0
26022012,2.0,20.0
27022012,1.0,16.0
28022012,3.0,12.0
29022012,4.0,16.0
01032012,4.0,19.0
02032012,5.0,22.0
03032012,7.0,18.0
04032012,10.0,16.0
05032012,5.0,11.0
06032012,5.0,10.0
07032012,2.0,12.0
08032012,5.0,12.0
09032012,6.0,14.0
10032012,2.0,13.0
11032012,3.0,16.0
12032012,3.0,17.0
13032012,5.0,17.0
14032012,4.0,19.0
15032012,5.0,20.0
16032012,6.0,19.0
17032012,6.0,17.0
18032012,8.0,15.0
19032012,8.0,15.0
20032012,4.0,18.0
21032012,9.0,21.0
22032012,7.0,21.0
23032012,7.0,21.0
24032012,6.0,22.0
25032012,8.0,21.0
26032012,7.0,23.0
27032012,8.0,23.0
28032012,9.0,25.0
29032012,9.0,27.0
30032012,12.0,26.0
31032012,9.0,25.0
01042012,10.0,18.0
02042012,9.0,16.0
03042012,10.0,16.0
04042012,12.0,15.0
05042012,10.0,16.0
06042012,10.0,20.0
07042012,12.0,20.0
08042012,7.0,17.0
09042012,5.0,14.0
10042012,6.0,11.0
11042012,6.0,9.0
12042012,2.0,17.0
13042012,10.0,15.0
14042012,8.0,14.0
15042012,10.0,12.0
16042012,10.0,15.0
17042012,10.0,17.0
18042012,8.0,14.0
19042012,8.0,13.0
20042012,8.0,16.0
21042012,5.0,18.0
22042012,10.0,20.0
23042012,10.0,15.0
24042012,9.0,18.0
25042012,7.0,18.0
26042012,9.0,19.0
27042012,11.0,24.0
28042012,12.0,26.0
29042012,15.0,21.0
30042012,11.0,18.0
01052012,14.0,19.0
02052012,12.0,20.0
03052012,12.0,23.0
04052012,13.0,21.0
05052012,13.0,17.0
06052012,13.0,20.0
07052012,10.0,23.0
08052012,12.0,21.0
09052012,14.0,24.0
10052012,13.0,28.0
11052012,16.0,31.0
12052012,17.0,30.0
13052012,12.0,22.0
14052012,9.0,20.0
15052012,11.0,23.0
16052012,13.0,20.0
17052012,9.0,20.0
18052012,12.0,20.0
19052012,10.0,20.0
20052012,12.0,18.0
21052012,11.0,14.0
22052012,10.0,21.0
23052012,15.0,27.0
24052012,16.0,30.0
25052012,18.0,26.0
26052012,17.0,24.0
27052012,17.0,23.0
28052012,14.0,26.0
29052012,16.0,29.0
30052012,15.0,29.0
31052012,19.0,27.0
01062012,19.0,28.0
02062012,18.0,27.0
03062012,20.0,26.0
04062012,15.0,22.0
05062012,14.0,27.0
06062012,17.0,25.0
07062012,19.0,23.0
08062012,18.0,23.0
09062012,17.0,27.0
10062012,16.0,23.0
11062012,17.0,26.0
12062012,13.0,23.0
13062012,13.0,25.0
14062012,14.0,25.0
15062012,16.0,28.0
16062012,17.0,29.0
17062012,18.0,31.0
18062012,21.0,33.0
19062012,20.0,33.0
20062012,22.0,30.0
21062012,21.0,31.0
22062012,19.0,33.0
23062012,21.0,30.0
24062012,20.0,30.0
25062012,22.0,31.0
26062012,21.0,30.0
27062012,21.0,31.0
28062012,22.0,32.0
29062012,22.0,32.0
30062012,22.0,33.0
01072012,22.0,34.0
02072012,23.0,30.0
03072012,21.0,30.0
04072012,20.0,31.0
05072012,19.0,30.0
06072012,20.0,30.0
07072012,19.0,30.0
08072012,20.0,31.0
09072012,22.0,32.0
10072012,22.0,31.0
11072012,20.0,30.0
12072012,19.0,31.0
13072012,22.0,30.0
14072012,21.0,29.0
15072012,21.0,30.0
16072012,18.0,28.0
17072012,15.0,31.0
18072012,19.0,33.0
19072012,19.0,31.0
20072012,22.0,29.0
21072012,15.0,29.0
22072012,18.0,26.0
23072012,14.0,27.0
24072012,18.0,30.0
25072012,19.0,32.0
26072012,19.0,32.0
27072012,21.0,34.0
28072012,22.0,32.0
29072012,20.0,32.0
30072012,21.0,31.0
31072012,22.0,30.0
01082012,20.0,32.0
02082012,20.0,33.0
03082012,21.0,33.0
04082012,22.0,33.0
05082012,20.0,32.0
06082012,20.0,30.0
07082012,18.0,33.0
08082012,19.0,32.0
09082012,22.0,32.0
10082012,20.0,30.0
11082012,20.0,31.0
12082012,20.0,28.0
13082012,20.0,29.0
14082012,22.0,31.0
15082012,22.0,33.0
16082012,22.0,32.0
17082012,23.0,33.0
18082012,23.0,34.0
19082012,23.0,34.0
20082012,23.0,35.0
21082012,24.0,36.0
22082012,25.0,37.0
23082012,24.0,34.0
24082012,24.0,34.0
25082012,22.0,33.0
26082012,22.0,32.0
27082012,17.0,29.0
28082012,18.0,29.0
29082012,17.0,31.0
30082012,19.0,26.0
31082012,15.0,25.0
01092012,14.0,23.0
02092012,15.0,23.0
03092012,18.0,21.0
04092012,17.0,26.0
05092012,18.0,27.0
06092012,17.0,29.0
07092012,17.0,29.0
08092012,18.0,29.0
09092012,16.0,29.0
10092012,17.0,30.0
11092012,18.0,29.0
12092012,16.0,25.0
13092012,11.0,24.0
14092012,11.0,25.0
15092012,13.0,25.0
16092012,15.0,25.0
17092012,14.0,25.0
18092012,14.0,25.0
19092012,17.0,23.0
20092012,13.0,22.0
21092012,13.0,22.0
22092012,14.0,22.0
23092012,18.0,22.0
24092012,15.0,21.0
25092012,14.0,23.0
26092012,17.0,22.0
27092012,17.0,24.0
28092012,13.0,23.0
29092012,16.0,19.0
30092012,16.0,23.0
01102012,15.0,22.0
02102012,14.0,23.0
03102012,16.0,24.0
04102012,16.0,23.0
05102012,15.0,22.0
06102012,14.0,23.0
07102012,17.0,24.0
08102012,14.0,19.0
09102012,15.0,22.0
10102012,15.0,20.0
11102012,13.0,18.0
12102012,13.0,20.0
13102012,11.0,18.0
14102012,14.0,17.0
15102012,10.0,14.0
16102012,6.0,19.0
17102012,10.0,15.0
18102012,12.0,18.0
19102012,13.0,19.0
20102012,10.0,22.0
21102012,10.0,22.0
22102012,12.0,21.0
23102012,11.0,22.0
24102012,8.0,19.0
25102012,7.0,18.0
26102012,13.0,14.0
27102012,11.0,15.0
28102012,6.0,11.0
29102012,4.0,12.0
30102012,3.0,8.0
31102012,7.0,10.0
01112012,8.0,14.0
02112012,9.0,15.0
03112012,10.0,12.0
04112012,11.0,12.0
05112012,8.0,18.0
06112012,5.0,16.0
07112012,4.0,14.0
08112012,3.0,13.0
09112012,5.0,15.0
10112012,9.0,11.0
11112012,9.0,12.0
12112012,8.0,15.0
13112012,11.0,16.0
14112012,9.0,14.0
15112012,6.0,12.0
16112012,3.0,12.0
17112012,3.0,10.0
18112012,3.0,10.0
19112012,6.0,11.0
20112012,4.0,15.0
21112012,7.0,13.0
22112012,6.0,12.0
23112012,6.0,14.0
24112012,6.0,13.0
25112012,9.0,13.0
26112012,10.0,11.0
27112012,10.0,12.0
28112012,10.0,13.0
29112012,9.0,13.0
30112012,6.0,11.0
01122012,6.0,8.0
02122012,4.0,7.0
03122012,2.0,10.0
04122012,0.0,6.0
05122012,0.0,9.0
06122012,-2.0,10.0
07122012,-2.0,3.0
08122012,-5.0,1.0
09122012,-7.0,4.0
10122012,-3.0,8.0
11122012,-2.0,10.0
15122012,0.0,2.0
16122012,-1.0,2.0
17122012,1.0,2.0
18122012,-1.0,2.0
21122012,-1.0,5.0
24122012,0.0,4.0
25122012,4.0,5.0
26122012,4.0,7.0
27122012,4.0,7.0
28122012,1.0,16.0
29122012,1.0,10.0
30122012,-2.0,8.0
31122012,-2.0,8.0
01012013,-4.0,4.0
02012013,2.0,5.0
03012013,-1.0,9.0
04012013,0.0,10.0
05012013,2.0,16.0
06012013,0.0,14.0
07012013,0.0,6.0
08012013,4.0,6.0
09012013,4.0,7.0
10012013,3.0,7.0
11012013,-1.0,5.0
12012013,3.0,5.0
13012013,3.0,5.0
14012013,3.0,5.0
15012013,1.0,5.0
16012013,1.0,6.0
17012013,-2.0,5.0
19012013,-1.0,2.0
20012013,0.0,2.0
21012013,2.0,5.0
22012013,1.0,8.0
23012013,-2.0,6.0
24012013,2.0,9.0
25012013,-2.0,6.0
26012013,0.0,6.0
28012013,0.0,3.0
29012013,0.0,8.0
30012013,-1.0,3.0
31012013,0.0,4.0
01022013,1.0,4.0
02022013,3.0,5.0
03022013,1.0,12.0
04022013,0.0,12.0
05022013,2.0,6.0
06022013,1.0,11.0
07022013,0.0,11.0
08022013,-2.0,9.0
09022013,-3.0,7.0
10022013,-4.0,5.0
12022013,-2.0,4.0
13022013,-3.0,1.0
15022013,-2.0,7.0
16022013,-1.0,8.0
17022013,0.0,9.0
18022013,1.0,8.0
19022013,-2.0,9.0
20022013,1.0,8.0
21022013,0.0,4.0
23022013,-1.0,4.0
24022013,0.0,2.0
25022013,1.0,4.0
26022013,-1.0,11.0
27022013,1.0,7.0
28022013,5.0,12.0
01032013,1.0,13.0
02032013,4.0,12.0
03032013,0.0,14.0
04032013,1.0,14.0
05032013,2.0,10.0
06032013,6.0,9.0
07032013,6.0,9.0
08032013,8.0,11.0
09032013,6.0,12.0
10032013,7.0,13.0
11032013,4.0,14.0
12032013,6.0,12.0
13032013,6.0,11.0
14032013,3.0,12.0
15032013,2.0,10.0
16032013,-1.0,9.0
17032013,0.0,5.0
18032013,0.0,5.0
19032013,-1.0,15.0
20032013,2.0,8.0
21032013,3.0,17.0
22032013,2.0,15.0
23032013,6.0,13.0
24032013,5.0,9.0
25032013,4.0,7.0
26032013,3.0,6.0
27032013,4.0,8.0
28032013,4.0,7.0
29032013,4.0,8.0
30032013,6.0,8.0
31032013,3.0,17.0
01042013,6.0,8.0
02042013,7.0,14.0
03042013,6.0,16.0
04042013,7.0,12.0
05042013,7.0,10.0
06042013,4.0,15.0
07042013,9.0,14.0
08042013,6.0,9.0
09042013,6.0,10.0
10042013,3.0,17.0
11042013,9.0,15.0
12042013,12.0,17.0
13042013,7.0,22.0
14042013,8.0,23.0
15042013,11.0,24.0
16042013,15.0,24.0
17042013,14.0,24.0
18042013,13.0,26.0
19042013,14.0,25.0
20042013,10.0,15.0
21042013,11.0,17.0
22042013,11.0,13.0
23042013,11.0,20.0
24042013,9.0,21.0
25042013,10.0,23.0
26042013,14.0,20.0
27042013,14.0,16.0
28042013,13.0,20.0
29042013,15.0,19.0
30042013,14.0,20.0
01052013,14.0,23.0
02052013,16.0,24.0
03052013,12.0,23.0
04052013,11.0,24.0
05052013,12.0,21.0
06052013,14.0,21.0
07052013,11.0,23.0
08052013,12.0,24.0
09052013,15.0,26.0
10052013,16.0,20.0
11052013,12.0,24.0
12052013,13.0,24.0
13052013,12.0,23.0
14052013,13.0,23.0
15052013,13.0,21.0
16052013,13.0,16.0
17052013,13.0,21.0
18052013,11.0,19.0
19052013,12.0,19.0
20052013,11.0,20.0
21052013,12.0,20.0
22052013,9.0,23.0
23052013,12.0,23.0
24052013,7.0,13.0
25052013,9.0,12.0
26052013,6.0,20.0
27052013,12.0,22.0
28052013,15.0,19.0
29052013,11.0,20.0
30052013,10.0,20.0
31052013,11.0,22.0
01062013,13.0,21.0
03062013,15.0,23.0
04062013,14.0,26.0
05062013,17.0,26.0
06062013,16.0,26.0
07062013,17.0,27.0
08062013,17.0,28.0
09062013,14.0,22.0
10062013,14.0,22.0
11062013,15.0,28.0
12062013,17.0,29.0
13062013,19.0,30.0
14062013,19.0,30.0
15062013,20.0,30.0
16062013,21.0,31.0
17062013,22.0,33.0
18062013,22.0,35.0
19062013,24.0,34.0
20062013,23.0,31.0
21062013,20.0,29.0
22062013,19.0,28.0
23062013,20.0,29.0
24062013,17.0,27.0
25062013,14.0,28.0
26062013,17.0,26.0
27062013,13.0,23.0
28062013,12.0,21.0
29062013,13.0,22.0
30062013,13.0,28.0
01072013,16.0,29.0
02072013,17.0,30.0
03072013,19.0,26.0
04072013,17.0,30.0
05072013,21.0,31.0
06072013,23.0,31.0
07072013,21.0,31.0
08072013,22.0,30.0
09072013,20.0,31.0
10072013,20.0,30.0
11072013,20.0,31.0
12072013,20.0,30.0
13072013,20.0,30.0
14072013,18.0,29.0
15072013,20.0,31.0
16072013,22.0,30.0
17072013,22.0,29.0
18072013,21.0,29.0
19072013,19.0,30.0
20072013,19.0,31.0
21072013,20.0,32.0
22072013,22.0,32.0
23072013,22.0,33.0
24072013,22.0,32.0
25072013,22.0,32.0
26072013,22.0,34.0
27072013,23.0,34.0
28072013,24.0,35.0
29072013,20.0,29.0
30072013,15.0,30.0
31072013,18.0,31.0
01082013,20.0,32.0
02082013,19.0,34.0
03082013,21.0,35.0
04082013,22.0,34.0
05082013,22.0,34.0
06082013,23.0,34.0
07082013,23.0,30.0
08082013,22.0,26.0
09082013,18.0,29.0
10082013,19.0,30.0
11082013,19.0,30.0
12082013,20.0,31.0
13082013,20.0,32.0
14082013,19.0,25.0
15082013,16.0,27.0
16082013,18.0,28.0
17082013,17.0,31.0
18082013,19.0,32.0
19082013,19.0,30.0
20082013,17.0,28.0
21082013,16.0,28.0
22082013,16.0,29.0
23082013,19.0,29.0
24082013,17.0,29.0
25082013,17.0,26.0
26082013,16.0,24.0
27082013,16.0,24.0
28082013,16.0,27.0
29082013,19.0,25.0
30082013,17.0,26.0
31082013,17.0,27.0
01092013,18.0,28.0
02092013,17.0,27.0
03092013,16.0,29.0
04092013,17.0,29.0
05092013,18.0,29.0
06092013,19.0,29.0
07092013,20.0,30.0
08092013,20.0,26.0
09092013,17.0,29.0
10092013,17.0,25.0
11092013,15.0,23.0
12092013,14.0,24.0
13092013,12.0,25.0
14092013,12.0,24.0
15092013,16.0,19.0
16092013,12.0,22.0
17092013,14.0,23.0
18092013,11.0,20.0
19092013,11.0,25.0
21092013,13.0,24.0
22092013,14.0,24.0
23092013,14.0,25.0
24092013,13.0,26.0
25092013,17.0,24.0
26092013,17.0,26.0
27092013,17.0,25.0
28092013,20.0,25.0
29092013,17.0,22.0
30092013,14.0,17.0
01102013,15.0,20.0
02102013,15.0,21.0
03102013,14.0,17.0
04102013,13.0,16.0
05102013,10.0,15.0
06102013,12.0,16.0
07102013,14.0,17.0
08102013,12.0,18.0
09102013,12.0,19.0
10102013,7.0,18.0
11102013,8.0,17.0
12102013,9.0,15.0
13102013,11.0,13.0
14102013,10.0,15.0
15102013,11.0,16.0
16102013,10.0,22.0
17102013,9.0,20.0
18102013,9.0,19.0
19102013,12.0,17.0
20102013,14.0,16.0
21102013,14.0,16.0
22102013,14.0,15.0
23102013,15.0,17.0
24102013,15.0,19.0
25102013,15.0,19.0
26102013,15.0,22.0
27102013,16.0,18.0
28102013,16.0,21.0
29102013,16.0,18.0
30102013,14.0,19.0
31102013,10.0,18.0
01112013,8.0,16.0
02112013,13.0,15.0
03112013,10.0,17.0
04112013,10.0,12.0
05112013,8.0,16.0
06112013,10.0,20.0
07112013,7.0,15.0
08112013,13.0,14.0
09112013,10.0,16.0
10112013,9.0,14.0
11112013,6.0,18.0
12112013,4.0,17.0
13112013,5.0,15.0
14112013,9.0,12.0
15112013,7.0,9.0
16112013,5.0,13.0
17112013,8.0,12.0
18112013,9.0,11.0
19112013,10.0,11.0
20112013,8.0,13.0
21112013,4.0,8.0
22112013,4.0,8.0
23112013,3.0,6.0
24112013,4.0,13.0
25112013,-1.0,12.0
26112013,-2.0,8.0
27112013,-4.0,8.0
28112013,-2.0,7.0
29112013,-3.0,7.0
30112013,-1.0,3.0
01122013,-3.0,8.0
02122013,0.0,11.0
03122013,-2.0,10.0
04122013,-3.0,9.0
05122013,-3.0,10.0
06122013,2.0,13.0
07122013,-1.0,10.0
08122013,0.0,4.0
09122013,0.0,6.0
12122013,-2.0,1.0
13122013,-4.0,8.0
14122013,-2.0,12.0
15122013,-2.0,8.0
16122013,-3.0,9.0
17122013,-4.0,9.0
18122013,-3.0,8.0
19122013,2.0,4.0
20122013,3.0,5.0
21122013,4.0,6.0
22122013,6.0,7.0
23122013,6.0,8.0
24122013,6.0,7.0
25122013,6.0,11.0
26122013,8.0,12.0
27122013,3.0,10.0
28122013,2.0,8.0
29122013,3.0,9.0
30122013,-1.0,11.0
31122013,0.0,9.0
